Country,Region/State,City,Zip/Postal Code From,Shipping Method
USA,*,*,*,
USA,*,*,*,
USA,*,*,11964,Remote
USA,*,*,11964,Remote
USA,*,*,11965,Remote
USA,*,*,11965,Remote
USA,*,*,22967,Remote
USA,*,*,22967,Remote
USA,*,*,36748,Remote
USA,*,*,36748,Remote
USA,*,*,36782,Remote
USA,*,*,36782,Remote
USA,*,*,38589,Remote
USA,*,*,38589,Remote
USA,*,*,49726,Remote
USA,*,*,49726,Remote
USA,*,*,54246,Remote
USA,*,*,54246,Remote
USA,*,*,58627,Remote
USA,*,*,58627,Remote
USA,*,*,58634,Remote
USA,*,*,58634,Remote
USA,*,*,58639,Remote
USA,*,*,58639,Remote
USA,*,*,58643,Remote
USA,*,*,58643,Remote
USA,*,*,58644,Remote
USA,*,*,58644,Remote
USA,*,*,58649,Remote
USA,*,*,58649,Remote
USA,*,*,58653,Remote
USA,*,*,58653,Remote
USA,*,*,58711,Remote
USA,*,*,58711,Remote
USA,*,*,58712,Remote
USA,*,*,58712,Remote
USA,*,*,58713,Remote
USA,*,*,58713,Remote
USA,*,*,58722,Remote
USA,*,*,58722,Remote
USA,*,*,58723,Remote
USA,*,*,58723,Remote
USA,*,*,58730,Remote
USA,*,*,58730,Remote
USA,*,*,58731,Remote
USA,*,*,58731,Remote
USA,*,*,58744,Remote
USA,*,*,58744,Remote
USA,*,*,58748,Remote
USA,*,*,58748,Remote
USA,*,*,58758,Remote
USA,*,*,58758,Remote
USA,*,*,58770,Remote
USA,*,*,58770,Remote
USA,*,*,58778,Remote
USA,*,*,58778,Remote
USA,*,*,58781,Remote
USA,*,*,58781,Remote
USA,*,*,58792,Remote
USA,*,*,58792,Remote
USA,*,*,58794,Remote
USA,*,*,58794,Remote
USA,*,*,58795,Remote
USA,*,*,58795,Remote
USA,*,*,58833,Remote
USA,*,*,58833,Remote
USA,*,*,58844,Remote
USA,*,*,58844,Remote
USA,*,*,58845,Remote
USA,*,*,58845,Remote
USA,*,*,59001,Remote
USA,*,*,59001,Remote
USA,*,*,59002,Remote
USA,*,*,59002,Remote
USA,*,*,59003,Remote
USA,*,*,59003,Remote
USA,*,*,59004,Remote
USA,*,*,59004,Remote
USA,*,*,59006,Remote
USA,*,*,59006,Remote
USA,*,*,59007,Remote
USA,*,*,59007,Remote
USA,*,*,59008,Remote
USA,*,*,59008,Remote
USA,*,*,59010,Remote
USA,*,*,59010,Remote
USA,*,*,59011,Remote
USA,*,*,59011,Remote
USA,*,*,59012,Remote
USA,*,*,59012,Remote
USA,*,*,59013,Remote
USA,*,*,59013,Remote
USA,*,*,59014,Remote
USA,*,*,59014,Remote
USA,*,*,59015,Remote
USA,*,*,59015,Remote
USA,*,*,59016,Remote
USA,*,*,59016,Remote
USA,*,*,59018,Remote
USA,*,*,59018,Remote
USA,*,*,59019,Remote
USA,*,*,59019,Remote
USA,*,*,59020,Remote
USA,*,*,59020,Remote
USA,*,*,59022,Remote
USA,*,*,59022,Remote
USA,*,*,59024,Remote
USA,*,*,59024,Remote
USA,*,*,59025,Remote
USA,*,*,59025,Remote
USA,*,*,59026,Remote
USA,*,*,59026,Remote
USA,*,*,59027,Remote
USA,*,*,59027,Remote
USA,*,*,59028,Remote
USA,*,*,59028,Remote
USA,*,*,59029,Remote
USA,*,*,59029,Remote
USA,*,*,59030,Remote
USA,*,*,59030,Remote
USA,*,*,59031,Remote
USA,*,*,59031,Remote
USA,*,*,59032,Remote
USA,*,*,59032,Remote
USA,*,*,59033,Remote
USA,*,*,59033,Remote
USA,*,*,59034,Remote
USA,*,*,59034,Remote
USA,*,*,59035,Remote
USA,*,*,59035,Remote
USA,*,*,59036,Remote
USA,*,*,59036,Remote
USA,*,*,59037,Remote
USA,*,*,59037,Remote
USA,*,*,59038,Remote
USA,*,*,59038,Remote
USA,*,*,59039,Remote
USA,*,*,59039,Remote
USA,*,*,59041,Remote
USA,*,*,59041,Remote
USA,*,*,59043,Remote
USA,*,*,59043,Remote
USA,*,*,59044,Remote
USA,*,*,59044,Remote
USA,*,*,59046,Remote
USA,*,*,59046,Remote
USA,*,*,59047,Remote
USA,*,*,59047,Remote
USA,*,*,59050,Remote
USA,*,*,59050,Remote
USA,*,*,59052,Remote
USA,*,*,59052,Remote
USA,*,*,59053,Remote
USA,*,*,59053,Remote
USA,*,*,59054,Remote
USA,*,*,59054,Remote
USA,*,*,59055,Remote
USA,*,*,59055,Remote
USA,*,*,59057,Remote
USA,*,*,59057,Remote
USA,*,*,59058,Remote
USA,*,*,59058,Remote
USA,*,*,59059,Remote
USA,*,*,59059,Remote
USA,*,*,59061,Remote
USA,*,*,59061,Remote
USA,*,*,59062,Remote
USA,*,*,59062,Remote
USA,*,*,59063,Remote
USA,*,*,59063,Remote
USA,*,*,59064,Remote
USA,*,*,59064,Remote
USA,*,*,59065,Remote
USA,*,*,59065,Remote
USA,*,*,59066,Remote
USA,*,*,59066,Remote
USA,*,*,59067,Remote
USA,*,*,59067,Remote
USA,*,*,59068,Remote
USA,*,*,59068,Remote
USA,*,*,59069,Remote
USA,*,*,59069,Remote
USA,*,*,59070,Remote
USA,*,*,59070,Remote
USA,*,*,59071,Remote
USA,*,*,59071,Remote
USA,*,*,59072,Remote
USA,*,*,59072,Remote
USA,*,*,59074,Remote
USA,*,*,59074,Remote
USA,*,*,59075,Remote
USA,*,*,59075,Remote
USA,*,*,59076,Remote
USA,*,*,59076,Remote
USA,*,*,59077,Remote
USA,*,*,59077,Remote
USA,*,*,59078,Remote
USA,*,*,59078,Remote
USA,*,*,59079,Remote
USA,*,*,59079,Remote
USA,*,*,59081,Remote
USA,*,*,59081,Remote
USA,*,*,59082,Remote
USA,*,*,59082,Remote
USA,*,*,59083,Remote
USA,*,*,59083,Remote
USA,*,*,59084,Remote
USA,*,*,59084,Remote
USA,*,*,59085,Remote
USA,*,*,59085,Remote
USA,*,*,59086,Remote
USA,*,*,59086,Remote
USA,*,*,59087,Remote
USA,*,*,59087,Remote
USA,*,*,59088,Remote
USA,*,*,59088,Remote
USA,*,*,59089,Remote
USA,*,*,59089,Remote
USA,*,*,59101,Remote
USA,*,*,59101,Remote
USA,*,*,59102,Remote
USA,*,*,59102,Remote
USA,*,*,59103,Remote
USA,*,*,59103,Remote
USA,*,*,59104,Remote
USA,*,*,59104,Remote
USA,*,*,59105,Remote
USA,*,*,59105,Remote
USA,*,*,59106,Remote
USA,*,*,59106,Remote
USA,*,*,59107,Remote
USA,*,*,59107,Remote
USA,*,*,59108,Remote
USA,*,*,59108,Remote
USA,*,*,59111,Remote
USA,*,*,59111,Remote
USA,*,*,59112,Remote
USA,*,*,59112,Remote
USA,*,*,59114,Remote
USA,*,*,59114,Remote
USA,*,*,59115,Remote
USA,*,*,59115,Remote
USA,*,*,59116,Remote
USA,*,*,59116,Remote
USA,*,*,59117,Remote
USA,*,*,59117,Remote
USA,*,*,59201,Remote
USA,*,*,59201,Remote
USA,*,*,59211,Remote
USA,*,*,59211,Remote
USA,*,*,59212,Remote
USA,*,*,59212,Remote
USA,*,*,59213,Remote
USA,*,*,59213,Remote
USA,*,*,59214,Remote
USA,*,*,59214,Remote
USA,*,*,59215,Remote
USA,*,*,59215,Remote
USA,*,*,59217,Remote
USA,*,*,59217,Remote
USA,*,*,59218,Remote
USA,*,*,59218,Remote
USA,*,*,59219,Remote
USA,*,*,59219,Remote
USA,*,*,59221,Remote
USA,*,*,59221,Remote
USA,*,*,59222,Remote
USA,*,*,59222,Remote
USA,*,*,59223,Remote
USA,*,*,59223,Remote
USA,*,*,59225,Remote
USA,*,*,59225,Remote
USA,*,*,59226,Remote
USA,*,*,59226,Remote
USA,*,*,59230,Remote
USA,*,*,59230,Remote
USA,*,*,59231,Remote
USA,*,*,59231,Remote
USA,*,*,59240,Remote
USA,*,*,59240,Remote
USA,*,*,59241,Remote
USA,*,*,59241,Remote
USA,*,*,59242,Remote
USA,*,*,59242,Remote
USA,*,*,59243,Remote
USA,*,*,59243,Remote
USA,*,*,59244,Remote
USA,*,*,59244,Remote
USA,*,*,59247,Remote
USA,*,*,59247,Remote
USA,*,*,59248,Remote
USA,*,*,59248,Remote
USA,*,*,59250,Remote
USA,*,*,59250,Remote
USA,*,*,59252,Remote
USA,*,*,59252,Remote
USA,*,*,59253,Remote
USA,*,*,59253,Remote
USA,*,*,59254,Remote
USA,*,*,59254,Remote
USA,*,*,59255,Remote
USA,*,*,59255,Remote
USA,*,*,59256,Remote
USA,*,*,59256,Remote
USA,*,*,59257,Remote
USA,*,*,59257,Remote
USA,*,*,59258,Remote
USA,*,*,59258,Remote
USA,*,*,59259,Remote
USA,*,*,59259,Remote
USA,*,*,59260,Remote
USA,*,*,59260,Remote
USA,*,*,59261,Remote
USA,*,*,59261,Remote
USA,*,*,59262,Remote
USA,*,*,59262,Remote
USA,*,*,59263,Remote
USA,*,*,59263,Remote
USA,*,*,59270,Remote
USA,*,*,59270,Remote
USA,*,*,59273,Remote
USA,*,*,59273,Remote
USA,*,*,59274,Remote
USA,*,*,59274,Remote
USA,*,*,59276,Remote
USA,*,*,59276,Remote
USA,*,*,59301,Remote
USA,*,*,59301,Remote
USA,*,*,59311,Remote
USA,*,*,59311,Remote
USA,*,*,59312,Remote
USA,*,*,59312,Remote
USA,*,*,59313,Remote
USA,*,*,59313,Remote
USA,*,*,59314,Remote
USA,*,*,59314,Remote
USA,*,*,59315,Remote
USA,*,*,59315,Remote
USA,*,*,59316,Remote
USA,*,*,59316,Remote
USA,*,*,59317,Remote
USA,*,*,59317,Remote
USA,*,*,59318,Remote
USA,*,*,59318,Remote
USA,*,*,59319,Remote
USA,*,*,59319,Remote
USA,*,*,59322,Remote
USA,*,*,59322,Remote
USA,*,*,59323,Remote
USA,*,*,59323,Remote
USA,*,*,59324,Remote
USA,*,*,59324,Remote
USA,*,*,59326,Remote
USA,*,*,59326,Remote
USA,*,*,59327,Remote
USA,*,*,59327,Remote
USA,*,*,59330,Remote
USA,*,*,59330,Remote
USA,*,*,59332,Remote
USA,*,*,59332,Remote
USA,*,*,59333,Remote
USA,*,*,59333,Remote
USA,*,*,59336,Remote
USA,*,*,59336,Remote
USA,*,*,59337,Remote
USA,*,*,59337,Remote
USA,*,*,59338,Remote
USA,*,*,59338,Remote
USA,*,*,59339,Remote
USA,*,*,59339,Remote
USA,*,*,59341,Remote
USA,*,*,59341,Remote
USA,*,*,59343,Remote
USA,*,*,59343,Remote
USA,*,*,59344,Remote
USA,*,*,59344,Remote
USA,*,*,59345,Remote
USA,*,*,59345,Remote
USA,*,*,59347,Remote
USA,*,*,59347,Remote
USA,*,*,59349,Remote
USA,*,*,59349,Remote
USA,*,*,59351,Remote
USA,*,*,59351,Remote
USA,*,*,59353,Remote
USA,*,*,59353,Remote
USA,*,*,59354,Remote
USA,*,*,59354,Remote
USA,*,*,59401,Remote
USA,*,*,59401,Remote
USA,*,*,59402,Remote
USA,*,*,59402,Remote
USA,*,*,59403,Remote
USA,*,*,59403,Remote
USA,*,*,59404,Remote
USA,*,*,59404,Remote
USA,*,*,59405,Remote
USA,*,*,59405,Remote
USA,*,*,59406,Remote
USA,*,*,59406,Remote
USA,*,*,59410,Remote
USA,*,*,59410,Remote
USA,*,*,59411,Remote
USA,*,*,59411,Remote
USA,*,*,59412,Remote
USA,*,*,59412,Remote
USA,*,*,59414,Remote
USA,*,*,59414,Remote
USA,*,*,59416,Remote
USA,*,*,59416,Remote
USA,*,*,59417,Remote
USA,*,*,59417,Remote
USA,*,*,59418,Remote
USA,*,*,59418,Remote
USA,*,*,59419,Remote
USA,*,*,59419,Remote
USA,*,*,59421,Remote
USA,*,*,59421,Remote
USA,*,*,59422,Remote
USA,*,*,59422,Remote
USA,*,*,59424,Remote
USA,*,*,59424,Remote
USA,*,*,59425,Remote
USA,*,*,59425,Remote
USA,*,*,59427,Remote
USA,*,*,59427,Remote
USA,*,*,59430,Remote
USA,*,*,59430,Remote
USA,*,*,59432,Remote
USA,*,*,59432,Remote
USA,*,*,59433,Remote
USA,*,*,59433,Remote
USA,*,*,59434,Remote
USA,*,*,59434,Remote
USA,*,*,59435,Remote
USA,*,*,59435,Remote
USA,*,*,59436,Remote
USA,*,*,59436,Remote
USA,*,*,59440,Remote
USA,*,*,59440,Remote
USA,*,*,59441,Remote
USA,*,*,59441,Remote
USA,*,*,59442,Remote
USA,*,*,59442,Remote
USA,*,*,59443,Remote
USA,*,*,59443,Remote
USA,*,*,59444,Remote
USA,*,*,59444,Remote
USA,*,*,59446,Remote
USA,*,*,59446,Remote
USA,*,*,59448,Remote
USA,*,*,59448,Remote
USA,*,*,59450,Remote
USA,*,*,59450,Remote
USA,*,*,59451,Remote
USA,*,*,59451,Remote
USA,*,*,59452,Remote
USA,*,*,59452,Remote
USA,*,*,59453,Remote
USA,*,*,59453,Remote
USA,*,*,59454,Remote
USA,*,*,59454,Remote
USA,*,*,59456,Remote
USA,*,*,59456,Remote
USA,*,*,59457,Remote
USA,*,*,59457,Remote
USA,*,*,59460,Remote
USA,*,*,59460,Remote
USA,*,*,59461,Remote
USA,*,*,59461,Remote
USA,*,*,59462,Remote
USA,*,*,59462,Remote
USA,*,*,59463,Remote
USA,*,*,59463,Remote
USA,*,*,59464,Remote
USA,*,*,59464,Remote
USA,*,*,59465,Remote
USA,*,*,59465,Remote
USA,*,*,59466,Remote
USA,*,*,59466,Remote
USA,*,*,59467,Remote
USA,*,*,59467,Remote
USA,*,*,59468,Remote
USA,*,*,59468,Remote
USA,*,*,59469,Remote
USA,*,*,59469,Remote
USA,*,*,59471,Remote
USA,*,*,59471,Remote
USA,*,*,59472,Remote
USA,*,*,59472,Remote
USA,*,*,59474,Remote
USA,*,*,59474,Remote
USA,*,*,59477,Remote
USA,*,*,59477,Remote
USA,*,*,59479,Remote
USA,*,*,59479,Remote
USA,*,*,59480,Remote
USA,*,*,59480,Remote
USA,*,*,59482,Remote
USA,*,*,59482,Remote
USA,*,*,59483,Remote
USA,*,*,59483,Remote
USA,*,*,59484,Remote
USA,*,*,59484,Remote
USA,*,*,59485,Remote
USA,*,*,59485,Remote
USA,*,*,59486,Remote
USA,*,*,59486,Remote
USA,*,*,59487,Remote
USA,*,*,59487,Remote
USA,*,*,59489,Remote
USA,*,*,59489,Remote
USA,*,*,59501,Remote
USA,*,*,59501,Remote
USA,*,*,59520,Remote
USA,*,*,59520,Remote
USA,*,*,59521,Remote
USA,*,*,59521,Remote
USA,*,*,59522,Remote
USA,*,*,59522,Remote
USA,*,*,59523,Remote
USA,*,*,59523,Remote
USA,*,*,59524,Remote
USA,*,*,59524,Remote
USA,*,*,59525,Remote
USA,*,*,59525,Remote
USA,*,*,59526,Remote
USA,*,*,59526,Remote
USA,*,*,59527,Remote
USA,*,*,59527,Remote
USA,*,*,59528,Remote
USA,*,*,59528,Remote
USA,*,*,59529,Remote
USA,*,*,59529,Remote
USA,*,*,59530,Remote
USA,*,*,59530,Remote
USA,*,*,59531,Remote
USA,*,*,59531,Remote
USA,*,*,59532,Remote
USA,*,*,59532,Remote
USA,*,*,59535,Remote
USA,*,*,59535,Remote
USA,*,*,59537,Remote
USA,*,*,59537,Remote
USA,*,*,59538,Remote
USA,*,*,59538,Remote
USA,*,*,59540,Remote
USA,*,*,59540,Remote
USA,*,*,59542,Remote
USA,*,*,59542,Remote
USA,*,*,59544,Remote
USA,*,*,59544,Remote
USA,*,*,59545,Remote
USA,*,*,59545,Remote
USA,*,*,59546,Remote
USA,*,*,59546,Remote
USA,*,*,59547,Remote
USA,*,*,59547,Remote
USA,*,*,59601,Remote
USA,*,*,59601,Remote
USA,*,*,59602,Remote
USA,*,*,59602,Remote
USA,*,*,59604,Remote
USA,*,*,59604,Remote
USA,*,*,59620,Remote
USA,*,*,59620,Remote
USA,*,*,59623,Remote
USA,*,*,59623,Remote
USA,*,*,59624,Remote
USA,*,*,59624,Remote
USA,*,*,59625,Remote
USA,*,*,59625,Remote
USA,*,*,59626,Remote
USA,*,*,59626,Remote
USA,*,*,59631,Remote
USA,*,*,59631,Remote
USA,*,*,59632,Remote
USA,*,*,59632,Remote
USA,*,*,59633,Remote
USA,*,*,59633,Remote
USA,*,*,59634,Remote
USA,*,*,59634,Remote
USA,*,*,59635,Remote
USA,*,*,59635,Remote
USA,*,*,59636,Remote
USA,*,*,59636,Remote
USA,*,*,59638,Remote
USA,*,*,59638,Remote
USA,*,*,59639,Remote
USA,*,*,59639,Remote
USA,*,*,59640,Remote
USA,*,*,59640,Remote
USA,*,*,59641,Remote
USA,*,*,59641,Remote
USA,*,*,59642,Remote
USA,*,*,59642,Remote
USA,*,*,59643,Remote
USA,*,*,59643,Remote
USA,*,*,59644,Remote
USA,*,*,59644,Remote
USA,*,*,59645,Remote
USA,*,*,59645,Remote
USA,*,*,59647,Remote
USA,*,*,59647,Remote
USA,*,*,59648,Remote
USA,*,*,59648,Remote
USA,*,*,59701,Remote
USA,*,*,59701,Remote
USA,*,*,59702,Remote
USA,*,*,59702,Remote
USA,*,*,59703,Remote
USA,*,*,59703,Remote
USA,*,*,59707,Remote
USA,*,*,59707,Remote
USA,*,*,59710,Remote
USA,*,*,59710,Remote
USA,*,*,59711,Remote
USA,*,*,59711,Remote
USA,*,*,59714,Remote
USA,*,*,59714,Remote
USA,*,*,59715,Remote
USA,*,*,59715,Remote
USA,*,*,59716,Remote
USA,*,*,59716,Remote
USA,*,*,59717,Remote
USA,*,*,59717,Remote
USA,*,*,59718,Remote
USA,*,*,59718,Remote
USA,*,*,59720,Remote
USA,*,*,59720,Remote
USA,*,*,59721,Remote
USA,*,*,59721,Remote
USA,*,*,59722,Remote
USA,*,*,59722,Remote
USA,*,*,59724,Remote
USA,*,*,59724,Remote
USA,*,*,59725,Remote
USA,*,*,59725,Remote
USA,*,*,59727,Remote
USA,*,*,59727,Remote
USA,*,*,59728,Remote
USA,*,*,59728,Remote
USA,*,*,59729,Remote
USA,*,*,59729,Remote
USA,*,*,59730,Remote
USA,*,*,59730,Remote
USA,*,*,59731,Remote
USA,*,*,59731,Remote
USA,*,*,59732,Remote
USA,*,*,59732,Remote
USA,*,*,59733,Remote
USA,*,*,59733,Remote
USA,*,*,59735,Remote
USA,*,*,59735,Remote
USA,*,*,59736,Remote
USA,*,*,59736,Remote
USA,*,*,59739,Remote
USA,*,*,59739,Remote
USA,*,*,59740,Remote
USA,*,*,59740,Remote
USA,*,*,59741,Remote
USA,*,*,59741,Remote
USA,*,*,59743,Remote
USA,*,*,59743,Remote
USA,*,*,59745,Remote
USA,*,*,59745,Remote
USA,*,*,59746,Remote
USA,*,*,59746,Remote
USA,*,*,59747,Remote
USA,*,*,59747,Remote
USA,*,*,59748,Remote
USA,*,*,59748,Remote
USA,*,*,59749,Remote
USA,*,*,59749,Remote
USA,*,*,59750,Remote
USA,*,*,59750,Remote
USA,*,*,59751,Remote
USA,*,*,59751,Remote
USA,*,*,59752,Remote
USA,*,*,59752,Remote
USA,*,*,59754,Remote
USA,*,*,59754,Remote
USA,*,*,59755,Remote
USA,*,*,59755,Remote
USA,*,*,59756,Remote
USA,*,*,59756,Remote
USA,*,*,59758,Remote
USA,*,*,59758,Remote
USA,*,*,59759,Remote
USA,*,*,59759,Remote
USA,*,*,59760,Remote
USA,*,*,59760,Remote
USA,*,*,59761,Remote
USA,*,*,59761,Remote
USA,*,*,59762,Remote
USA,*,*,59762,Remote
USA,*,*,59771,Remote
USA,*,*,59771,Remote
USA,*,*,59772,Remote
USA,*,*,59772,Remote
USA,*,*,59801,Remote
USA,*,*,59801,Remote
USA,*,*,59802,Remote
USA,*,*,59802,Remote
USA,*,*,59803,Remote
USA,*,*,59803,Remote
USA,*,*,59804,Remote
USA,*,*,59804,Remote
USA,*,*,59806,Remote
USA,*,*,59806,Remote
USA,*,*,59807,Remote
USA,*,*,59807,Remote
USA,*,*,59808,Remote
USA,*,*,59808,Remote
USA,*,*,59812,Remote
USA,*,*,59812,Remote
USA,*,*,59820,Remote
USA,*,*,59820,Remote
USA,*,*,59821,Remote
USA,*,*,59821,Remote
USA,*,*,59823,Remote
USA,*,*,59823,Remote
USA,*,*,59824,Remote
USA,*,*,59824,Remote
USA,*,*,59825,Remote
USA,*,*,59825,Remote
USA,*,*,59826,Remote
USA,*,*,59826,Remote
USA,*,*,59827,Remote
USA,*,*,59827,Remote
USA,*,*,59828,Remote
USA,*,*,59828,Remote
USA,*,*,59829,Remote
USA,*,*,59829,Remote
USA,*,*,59830,Remote
USA,*,*,59830,Remote
USA,*,*,59831,Remote
USA,*,*,59831,Remote
USA,*,*,59832,Remote
USA,*,*,59832,Remote
USA,*,*,59833,Remote
USA,*,*,59833,Remote
USA,*,*,59834,Remote
USA,*,*,59834,Remote
USA,*,*,59835,Remote
USA,*,*,59835,Remote
USA,*,*,59837,Remote
USA,*,*,59837,Remote
USA,*,*,59840,Remote
USA,*,*,59840,Remote
USA,*,*,59841,Remote
USA,*,*,59841,Remote
USA,*,*,59842,Remote
USA,*,*,59842,Remote
USA,*,*,59843,Remote
USA,*,*,59843,Remote
USA,*,*,59844,Remote
USA,*,*,59844,Remote
USA,*,*,59845,Remote
USA,*,*,59845,Remote
USA,*,*,59846,Remote
USA,*,*,59846,Remote
USA,*,*,59847,Remote
USA,*,*,59847,Remote
USA,*,*,59848,Remote
USA,*,*,59848,Remote
USA,*,*,59851,Remote
USA,*,*,59851,Remote
USA,*,*,59853,Remote
USA,*,*,59853,Remote
USA,*,*,59854,Remote
USA,*,*,59854,Remote
USA,*,*,59855,Remote
USA,*,*,59855,Remote
USA,*,*,59856,Remote
USA,*,*,59856,Remote
USA,*,*,59858,Remote
USA,*,*,59858,Remote
USA,*,*,59859,Remote
USA,*,*,59859,Remote
USA,*,*,59860,Remote
USA,*,*,59860,Remote
USA,*,*,59863,Remote
USA,*,*,59863,Remote
USA,*,*,59864,Remote
USA,*,*,59864,Remote
USA,*,*,59865,Remote
USA,*,*,59865,Remote
USA,*,*,59866,Remote
USA,*,*,59866,Remote
USA,*,*,59867,Remote
USA,*,*,59867,Remote
USA,*,*,59868,Remote
USA,*,*,59868,Remote
USA,*,*,59870,Remote
USA,*,*,59870,Remote
USA,*,*,59871,Remote
USA,*,*,59871,Remote
USA,*,*,59872,Remote
USA,*,*,59872,Remote
USA,*,*,59873,Remote
USA,*,*,59873,Remote
USA,*,*,59874,Remote
USA,*,*,59874,Remote
USA,*,*,59875,Remote
USA,*,*,59875,Remote
USA,*,*,59901,Remote
USA,*,*,59901,Remote
USA,*,*,59903,Remote
USA,*,*,59903,Remote
USA,*,*,59904,Remote
USA,*,*,59904,Remote
USA,*,*,59910,Remote
USA,*,*,59910,Remote
USA,*,*,59911,Remote
USA,*,*,59911,Remote
USA,*,*,59912,Remote
USA,*,*,59912,Remote
USA,*,*,59913,Remote
USA,*,*,59913,Remote
USA,*,*,59915,Remote
USA,*,*,59915,Remote
USA,*,*,59916,Remote
USA,*,*,59916,Remote
USA,*,*,59917,Remote
USA,*,*,59917,Remote
USA,*,*,59918,Remote
USA,*,*,59918,Remote
USA,*,*,59919,Remote
USA,*,*,59919,Remote
USA,*,*,59920,Remote
USA,*,*,59920,Remote
USA,*,*,59921,Remote
USA,*,*,59921,Remote
USA,*,*,59922,Remote
USA,*,*,59922,Remote
USA,*,*,59923,Remote
USA,*,*,59923,Remote
USA,*,*,59925,Remote
USA,*,*,59925,Remote
USA,*,*,59926,Remote
USA,*,*,59926,Remote
USA,*,*,59927,Remote
USA,*,*,59927,Remote
USA,*,*,59928,Remote
USA,*,*,59928,Remote
USA,*,*,59929,Remote
USA,*,*,59929,Remote
USA,*,*,59930,Remote
USA,*,*,59930,Remote
USA,*,*,59931,Remote
USA,*,*,59931,Remote
USA,*,*,59932,Remote
USA,*,*,59932,Remote
USA,*,*,59933,Remote
USA,*,*,59933,Remote
USA,*,*,59934,Remote
USA,*,*,59934,Remote
USA,*,*,59935,Remote
USA,*,*,59935,Remote
USA,*,*,59936,Remote
USA,*,*,59936,Remote
USA,*,*,59937,Remote
USA,*,*,59937,Remote
USA,*,*,69023,Remote
USA,*,*,69023,Remote
USA,*,*,69030,Remote
USA,*,*,69030,Remote
USA,*,*,69131,Remote
USA,*,*,69131,Remote
USA,*,*,69140,Remote
USA,*,*,69140,Remote
USA,*,*,69144,Remote
USA,*,*,69144,Remote
USA,*,*,69146,Remote
USA,*,*,69146,Remote
USA,*,*,69150,Remote
USA,*,*,69150,Remote
USA,*,*,69334,Remote
USA,*,*,69334,Remote
USA,*,*,69346,Remote
USA,*,*,69346,Remote
USA,*,*,69348,Remote
USA,*,*,69348,Remote
USA,*,*,73459,Remote
USA,*,*,73459,Remote
USA,*,*,73528,Remote
USA,*,*,73528,Remote
USA,*,*,73660,Remote
USA,*,*,73660,Remote
USA,*,*,73661,Remote
USA,*,*,73661,Remote
USA,*,*,73946,Remote
USA,*,*,73946,Remote
USA,*,*,73947,Remote
USA,*,*,73947,Remote
USA,*,*,74009,Remote
USA,*,*,74009,Remote
USA,*,*,74046,Remote
USA,*,*,74046,Remote
USA,*,*,74727,Remote
USA,*,*,74727,Remote
USA,*,*,74737,Remote
USA,*,*,74737,Remote
USA,*,*,74752,Remote
USA,*,*,74752,Remote
USA,*,*,76238,Remote
USA,*,*,76238,Remote
USA,*,*,76271,Remote
USA,*,*,76271,Remote
USA,*,*,76363,Remote
USA,*,*,76363,Remote
USA,*,*,76371,Remote
USA,*,*,76371,Remote
USA,*,*,76429,Remote
USA,*,*,76429,Remote
USA,*,*,76824,Remote
USA,*,*,76824,Remote
USA,*,*,76841,Remote
USA,*,*,76841,Remote
USA,*,*,76858,Remote
USA,*,*,76858,Remote
USA,*,*,76859,Remote
USA,*,*,76859,Remote
USA,*,*,76930,Remote
USA,*,*,76930,Remote
USA,*,*,76950,Remote
USA,*,*,76950,Remote
USA,*,*,78591,Remote
USA,*,*,78591,Remote
USA,*,*,78946,Remote
USA,*,*,78946,Remote
USA,*,*,78949,Remote
USA,*,*,78949,Remote
USA,*,*,79046,Remote
USA,*,*,79046,Remote
USA,*,*,79056,Remote
USA,*,*,79056,Remote
USA,*,*,79248,Remote
USA,*,*,79248,Remote
USA,*,*,79502,Remote
USA,*,*,79502,Remote
USA,*,*,79505,Remote
USA,*,*,79505,Remote
USA,*,*,79830,Remote
USA,*,*,79830,Remote
USA,*,*,79831,Remote
USA,*,*,79831,Remote
USA,*,*,79832,Remote
USA,*,*,79832,Remote
USA,*,*,79834,Remote
USA,*,*,79834,Remote
USA,*,*,79842,Remote
USA,*,*,79842,Remote
USA,*,*,79843,Remote
USA,*,*,79843,Remote
USA,*,*,79845,Remote
USA,*,*,79845,Remote
USA,*,*,79846,Remote
USA,*,*,79846,Remote
USA,*,*,79848,Remote
USA,*,*,79848,Remote
USA,*,*,79850,Remote
USA,*,*,79850,Remote
USA,*,*,79852,Remote
USA,*,*,79852,Remote
USA,*,*,80423,Remote
USA,*,*,80423,Remote
USA,*,*,80426,Remote
USA,*,*,80426,Remote
USA,*,*,80428,Remote
USA,*,*,80428,Remote
USA,*,*,80463,Remote
USA,*,*,80463,Remote
USA,*,*,80467,Remote
USA,*,*,80467,Remote
USA,*,*,80469,Remote
USA,*,*,80469,Remote
USA,*,*,80479,Remote
USA,*,*,80479,Remote
USA,*,*,80483,Remote
USA,*,*,80483,Remote
USA,*,*,80732,Remote
USA,*,*,80732,Remote
USA,*,*,80862,Remote
USA,*,*,80862,Remote
USA,*,*,81021,Remote
USA,*,*,81021,Remote
USA,*,*,81027,Remote
USA,*,*,81027,Remote
USA,*,*,81029,Remote
USA,*,*,81029,Remote
USA,*,*,81041,Remote
USA,*,*,81041,Remote
USA,*,*,81043,Remote
USA,*,*,81043,Remote
USA,*,*,81046,Remote
USA,*,*,81046,Remote
USA,*,*,81047,Remote
USA,*,*,81047,Remote
USA,*,*,81049,Remote
USA,*,*,81049,Remote
USA,*,*,81064,Remote
USA,*,*,81064,Remote
USA,*,*,81084,Remote
USA,*,*,81084,Remote
USA,*,*,81087,Remote
USA,*,*,81087,Remote
USA,*,*,81090,Remote
USA,*,*,81090,Remote
USA,*,*,81091,Remote
USA,*,*,81091,Remote
USA,*,*,81120,Remote
USA,*,*,81120,Remote
USA,*,*,81124,Remote
USA,*,*,81124,Remote
USA,*,*,81130,Remote
USA,*,*,81130,Remote
USA,*,*,81131,Remote
USA,*,*,81131,Remote
USA,*,*,81132,Remote
USA,*,*,81132,Remote
USA,*,*,81135,Remote
USA,*,*,81135,Remote
USA,*,*,81138,Remote
USA,*,*,81138,Remote
USA,*,*,81140,Remote
USA,*,*,81140,Remote
USA,*,*,81141,Remote
USA,*,*,81141,Remote
USA,*,*,81148,Remote
USA,*,*,81148,Remote
USA,*,*,81151,Remote
USA,*,*,81151,Remote
USA,*,*,81154,Remote
USA,*,*,81154,Remote
USA,*,*,81228,Remote
USA,*,*,81228,Remote
USA,*,*,81235,Remote
USA,*,*,81235,Remote
USA,*,*,81237,Remote
USA,*,*,81237,Remote
USA,*,*,81239,Remote
USA,*,*,81239,Remote
USA,*,*,81248,Remote
USA,*,*,81248,Remote
USA,*,*,81426,Remote
USA,*,*,81426,Remote
USA,*,*,81431,Remote
USA,*,*,81431,Remote
USA,*,*,81433,Remote
USA,*,*,81433,Remote
USA,*,*,81522,Remote
USA,*,*,81522,Remote
USA,*,*,81623,Remote
USA,*,*,81623,Remote
USA,*,*,81624,Remote
USA,*,*,81624,Remote
USA,*,*,81640,Remote
USA,*,*,81640,Remote
USA,*,*,81643,Remote
USA,*,*,81643,Remote
USA,*,*,81645,Remote
USA,*,*,81645,Remote
USA,*,*,81646,Remote
USA,*,*,81646,Remote
USA,*,*,81649,Remote
USA,*,*,81649,Remote
USA,*,*,81653,Remote
USA,*,*,81653,Remote
USA,*,*,81654,Remote
USA,*,*,81654,Remote
USA,*,*,81655,Remote
USA,*,*,81655,Remote
USA,*,*,82010,Remote
USA,*,*,82010,Remote
USA,*,*,82050,Remote
USA,*,*,82050,Remote
USA,*,*,82051,Remote
USA,*,*,82051,Remote
USA,*,*,82058,Remote
USA,*,*,82058,Remote
USA,*,*,82061,Remote
USA,*,*,82061,Remote
USA,*,*,82063,Remote
USA,*,*,82063,Remote
USA,*,*,82190,Remote
USA,*,*,82190,Remote
USA,*,*,82219,Remote
USA,*,*,82219,Remote
USA,*,*,82224,Remote
USA,*,*,82224,Remote
USA,*,*,82227,Remote
USA,*,*,82227,Remote
USA,*,*,82242,Remote
USA,*,*,82242,Remote
USA,*,*,82243,Remote
USA,*,*,82243,Remote
USA,*,*,82324,Remote
USA,*,*,82324,Remote
USA,*,*,82327,Remote
USA,*,*,82327,Remote
USA,*,*,82329,Remote
USA,*,*,82329,Remote
USA,*,*,82335,Remote
USA,*,*,82335,Remote
USA,*,*,82336,Remote
USA,*,*,82336,Remote
USA,*,*,82411,Remote
USA,*,*,82411,Remote
USA,*,*,82412,Remote
USA,*,*,82412,Remote
USA,*,*,82414,Remote
USA,*,*,82414,Remote
USA,*,*,82422,Remote
USA,*,*,82422,Remote
USA,*,*,82423,Remote
USA,*,*,82423,Remote
USA,*,*,82428,Remote
USA,*,*,82428,Remote
USA,*,*,82430,Remote
USA,*,*,82430,Remote
USA,*,*,82431,Remote
USA,*,*,82431,Remote
USA,*,*,82433,Remote
USA,*,*,82433,Remote
USA,*,*,82434,Remote
USA,*,*,82434,Remote
USA,*,*,82440,Remote
USA,*,*,82440,Remote
USA,*,*,82441,Remote
USA,*,*,82441,Remote
USA,*,*,82442,Remote
USA,*,*,82442,Remote
USA,*,*,82450,Remote
USA,*,*,82450,Remote
USA,*,*,82513,Remote
USA,*,*,82513,Remote
USA,*,*,82523,Remote
USA,*,*,82523,Remote
USA,*,*,82639,Remote
USA,*,*,82639,Remote
USA,*,*,82710,Remote
USA,*,*,82710,Remote
USA,*,*,82711,Remote
USA,*,*,82711,Remote
USA,*,*,82714,Remote
USA,*,*,82714,Remote
USA,*,*,82715,Remote
USA,*,*,82715,Remote
USA,*,*,82720,Remote
USA,*,*,82720,Remote
USA,*,*,82725,Remote
USA,*,*,82725,Remote
USA,*,*,82727,Remote
USA,*,*,82727,Remote
USA,*,*,82731,Remote
USA,*,*,82731,Remote
USA,*,*,82831,Remote
USA,*,*,82831,Remote
USA,*,*,82832,Remote
USA,*,*,82832,Remote
USA,*,*,82833,Remote
USA,*,*,82833,Remote
USA,*,*,82835,Remote
USA,*,*,82835,Remote
USA,*,*,82836,Remote
USA,*,*,82836,Remote
USA,*,*,82837,Remote
USA,*,*,82837,Remote
USA,*,*,82839,Remote
USA,*,*,82839,Remote
USA,*,*,82842,Remote
USA,*,*,82842,Remote
USA,*,*,82844,Remote
USA,*,*,82844,Remote
USA,*,*,82845,Remote
USA,*,*,82845,Remote
USA,*,*,82901,Remote
USA,*,*,82901,Remote
USA,*,*,82902,Remote
USA,*,*,82902,Remote
USA,*,*,82922,Remote
USA,*,*,82922,Remote
USA,*,*,82923,Remote
USA,*,*,82923,Remote
USA,*,*,82929,Remote
USA,*,*,82929,Remote
USA,*,*,82930,Remote
USA,*,*,82930,Remote
USA,*,*,82932,Remote
USA,*,*,82932,Remote
USA,*,*,82933,Remote
USA,*,*,82933,Remote
USA,*,*,82934,Remote
USA,*,*,82934,Remote
USA,*,*,82935,Remote
USA,*,*,82935,Remote
USA,*,*,82936,Remote
USA,*,*,82936,Remote
USA,*,*,82937,Remote
USA,*,*,82937,Remote
USA,*,*,82939,Remote
USA,*,*,82939,Remote
USA,*,*,82942,Remote
USA,*,*,82942,Remote
USA,*,*,82943,Remote
USA,*,*,82943,Remote
USA,*,*,82944,Remote
USA,*,*,82944,Remote
USA,*,*,82945,Remote
USA,*,*,82945,Remote
USA,*,*,83001,Remote
USA,*,*,83001,Remote
USA,*,*,83002,Remote
USA,*,*,83002,Remote
USA,*,*,83011,Remote
USA,*,*,83011,Remote
USA,*,*,83012,Remote
USA,*,*,83012,Remote
USA,*,*,83013,Remote
USA,*,*,83013,Remote
USA,*,*,83014,Remote
USA,*,*,83014,Remote
USA,*,*,83025,Remote
USA,*,*,83025,Remote
USA,*,*,83101,Remote
USA,*,*,83101,Remote
USA,*,*,83110,Remote
USA,*,*,83110,Remote
USA,*,*,83111,Remote
USA,*,*,83111,Remote
USA,*,*,83112,Remote
USA,*,*,83112,Remote
USA,*,*,83113,Remote
USA,*,*,83113,Remote
USA,*,*,83114,Remote
USA,*,*,83114,Remote
USA,*,*,83115,Remote
USA,*,*,83115,Remote
USA,*,*,83116,Remote
USA,*,*,83116,Remote
USA,*,*,83118,Remote
USA,*,*,83118,Remote
USA,*,*,83119,Remote
USA,*,*,83119,Remote
USA,*,*,83120,Remote
USA,*,*,83120,Remote
USA,*,*,83123,Remote
USA,*,*,83123,Remote
USA,*,*,83124,Remote
USA,*,*,83124,Remote
USA,*,*,83126,Remote
USA,*,*,83126,Remote
USA,*,*,83127,Remote
USA,*,*,83127,Remote
USA,*,*,83128,Remote
USA,*,*,83128,Remote
USA,*,*,83201,Remote
USA,*,*,83201,Remote
USA,*,*,83202,Remote
USA,*,*,83202,Remote
USA,*,*,83203,Remote
USA,*,*,83203,Remote
USA,*,*,83204,Remote
USA,*,*,83204,Remote
USA,*,*,83205,Remote
USA,*,*,83205,Remote
USA,*,*,83206,Remote
USA,*,*,83206,Remote
USA,*,*,83209,Remote
USA,*,*,83209,Remote
USA,*,*,83210,Remote
USA,*,*,83210,Remote
USA,*,*,83211,Remote
USA,*,*,83211,Remote
USA,*,*,83212,Remote
USA,*,*,83212,Remote
USA,*,*,83213,Remote
USA,*,*,83213,Remote
USA,*,*,83214,Remote
USA,*,*,83214,Remote
USA,*,*,83215,Remote
USA,*,*,83215,Remote
USA,*,*,83217,Remote
USA,*,*,83217,Remote
USA,*,*,83218,Remote
USA,*,*,83218,Remote
USA,*,*,83220,Remote
USA,*,*,83220,Remote
USA,*,*,83221,Remote
USA,*,*,83221,Remote
USA,*,*,83223,Remote
USA,*,*,83223,Remote
USA,*,*,83226,Remote
USA,*,*,83226,Remote
USA,*,*,83227,Remote
USA,*,*,83227,Remote
USA,*,*,83228,Remote
USA,*,*,83228,Remote
USA,*,*,83229,Remote
USA,*,*,83229,Remote
USA,*,*,83230,Remote
USA,*,*,83230,Remote
USA,*,*,83232,Remote
USA,*,*,83232,Remote
USA,*,*,83233,Remote
USA,*,*,83233,Remote
USA,*,*,83234,Remote
USA,*,*,83234,Remote
USA,*,*,83235,Remote
USA,*,*,83235,Remote
USA,*,*,83236,Remote
USA,*,*,83236,Remote
USA,*,*,83237,Remote
USA,*,*,83237,Remote
USA,*,*,83238,Remote
USA,*,*,83238,Remote
USA,*,*,83241,Remote
USA,*,*,83241,Remote
USA,*,*,83243,Remote
USA,*,*,83243,Remote
USA,*,*,83244,Remote
USA,*,*,83244,Remote
USA,*,*,83245,Remote
USA,*,*,83245,Remote
USA,*,*,83246,Remote
USA,*,*,83246,Remote
USA,*,*,83250,Remote
USA,*,*,83250,Remote
USA,*,*,83251,Remote
USA,*,*,83251,Remote
USA,*,*,83252,Remote
USA,*,*,83252,Remote
USA,*,*,83253,Remote
USA,*,*,83253,Remote
USA,*,*,83254,Remote
USA,*,*,83254,Remote
USA,*,*,83255,Remote
USA,*,*,83255,Remote
USA,*,*,83256,Remote
USA,*,*,83256,Remote
USA,*,*,83261,Remote
USA,*,*,83261,Remote
USA,*,*,83262,Remote
USA,*,*,83262,Remote
USA,*,*,83263,Remote
USA,*,*,83263,Remote
USA,*,*,83271,Remote
USA,*,*,83271,Remote
USA,*,*,83272,Remote
USA,*,*,83272,Remote
USA,*,*,83274,Remote
USA,*,*,83274,Remote
USA,*,*,83276,Remote
USA,*,*,83276,Remote
USA,*,*,83277,Remote
USA,*,*,83277,Remote
USA,*,*,83278,Remote
USA,*,*,83278,Remote
USA,*,*,83281,Remote
USA,*,*,83281,Remote
USA,*,*,83283,Remote
USA,*,*,83283,Remote
USA,*,*,83285,Remote
USA,*,*,83285,Remote
USA,*,*,83286,Remote
USA,*,*,83286,Remote
USA,*,*,83287,Remote
USA,*,*,83287,Remote
USA,*,*,83301,Remote
USA,*,*,83301,Remote
USA,*,*,83302,Remote
USA,*,*,83302,Remote
USA,*,*,83303,Remote
USA,*,*,83303,Remote
USA,*,*,83311,Remote
USA,*,*,83311,Remote
USA,*,*,83312,Remote
USA,*,*,83312,Remote
USA,*,*,83313,Remote
USA,*,*,83313,Remote
USA,*,*,83314,Remote
USA,*,*,83314,Remote
USA,*,*,83316,Remote
USA,*,*,83316,Remote
USA,*,*,83318,Remote
USA,*,*,83318,Remote
USA,*,*,83320,Remote
USA,*,*,83320,Remote
USA,*,*,83321,Remote
USA,*,*,83321,Remote
USA,*,*,83322,Remote
USA,*,*,83322,Remote
USA,*,*,83323,Remote
USA,*,*,83323,Remote
USA,*,*,83324,Remote
USA,*,*,83324,Remote
USA,*,*,83325,Remote
USA,*,*,83325,Remote
USA,*,*,83326,Remote
USA,*,*,83326,Remote
USA,*,*,83327,Remote
USA,*,*,83327,Remote
USA,*,*,83328,Remote
USA,*,*,83328,Remote
USA,*,*,83330,Remote
USA,*,*,83330,Remote
USA,*,*,83332,Remote
USA,*,*,83332,Remote
USA,*,*,83333,Remote
USA,*,*,83333,Remote
USA,*,*,83334,Remote
USA,*,*,83334,Remote
USA,*,*,83335,Remote
USA,*,*,83335,Remote
USA,*,*,83336,Remote
USA,*,*,83336,Remote
USA,*,*,83337,Remote
USA,*,*,83337,Remote
USA,*,*,83338,Remote
USA,*,*,83338,Remote
USA,*,*,83340,Remote
USA,*,*,83340,Remote
USA,*,*,83341,Remote
USA,*,*,83341,Remote
USA,*,*,83342,Remote
USA,*,*,83342,Remote
USA,*,*,83343,Remote
USA,*,*,83343,Remote
USA,*,*,83344,Remote
USA,*,*,83344,Remote
USA,*,*,83346,Remote
USA,*,*,83346,Remote
USA,*,*,83347,Remote
USA,*,*,83347,Remote
USA,*,*,83348,Remote
USA,*,*,83348,Remote
USA,*,*,83349,Remote
USA,*,*,83349,Remote
USA,*,*,83350,Remote
USA,*,*,83350,Remote
USA,*,*,83352,Remote
USA,*,*,83352,Remote
USA,*,*,83353,Remote
USA,*,*,83353,Remote
USA,*,*,83354,Remote
USA,*,*,83354,Remote
USA,*,*,83355,Remote
USA,*,*,83355,Remote
USA,*,*,83401,Remote
USA,*,*,83401,Remote
USA,*,*,83402,Remote
USA,*,*,83402,Remote
USA,*,*,83403,Remote
USA,*,*,83403,Remote
USA,*,*,83404,Remote
USA,*,*,83404,Remote
USA,*,*,83405,Remote
USA,*,*,83405,Remote
USA,*,*,83406,Remote
USA,*,*,83406,Remote
USA,*,*,83414,Remote
USA,*,*,83414,Remote
USA,*,*,83415,Remote
USA,*,*,83415,Remote
USA,*,*,83420,Remote
USA,*,*,83420,Remote
USA,*,*,83421,Remote
USA,*,*,83421,Remote
USA,*,*,83422,Remote
USA,*,*,83422,Remote
USA,*,*,83423,Remote
USA,*,*,83423,Remote
USA,*,*,83424,Remote
USA,*,*,83424,Remote
USA,*,*,83425,Remote
USA,*,*,83425,Remote
USA,*,*,83427,Remote
USA,*,*,83427,Remote
USA,*,*,83428,Remote
USA,*,*,83428,Remote
USA,*,*,83429,Remote
USA,*,*,83429,Remote
USA,*,*,83431,Remote
USA,*,*,83431,Remote
USA,*,*,83433,Remote
USA,*,*,83433,Remote
USA,*,*,83434,Remote
USA,*,*,83434,Remote
USA,*,*,83435,Remote
USA,*,*,83435,Remote
USA,*,*,83436,Remote
USA,*,*,83436,Remote
USA,*,*,83438,Remote
USA,*,*,83438,Remote
USA,*,*,83440,Remote
USA,*,*,83440,Remote
USA,*,*,83441,Remote
USA,*,*,83441,Remote
USA,*,*,83442,Remote
USA,*,*,83442,Remote
USA,*,*,83443,Remote
USA,*,*,83443,Remote
USA,*,*,83444,Remote
USA,*,*,83444,Remote
USA,*,*,83445,Remote
USA,*,*,83445,Remote
USA,*,*,83446,Remote
USA,*,*,83446,Remote
USA,*,*,83448,Remote
USA,*,*,83448,Remote
USA,*,*,83449,Remote
USA,*,*,83449,Remote
USA,*,*,83450,Remote
USA,*,*,83450,Remote
USA,*,*,83451,Remote
USA,*,*,83451,Remote
USA,*,*,83452,Remote
USA,*,*,83452,Remote
USA,*,*,83454,Remote
USA,*,*,83454,Remote
USA,*,*,83455,Remote
USA,*,*,83455,Remote
USA,*,*,83460,Remote
USA,*,*,83460,Remote
USA,*,*,83462,Remote
USA,*,*,83462,Remote
USA,*,*,83463,Remote
USA,*,*,83463,Remote
USA,*,*,83464,Remote
USA,*,*,83464,Remote
USA,*,*,83465,Remote
USA,*,*,83465,Remote
USA,*,*,83466,Remote
USA,*,*,83466,Remote
USA,*,*,83467,Remote
USA,*,*,83467,Remote
USA,*,*,83468,Remote
USA,*,*,83468,Remote
USA,*,*,83469,Remote
USA,*,*,83469,Remote
USA,*,*,83546,Remote
USA,*,*,83546,Remote
USA,*,*,83547,Remote
USA,*,*,83547,Remote
USA,*,*,83549,Remote
USA,*,*,83549,Remote
USA,*,*,83601,Remote
USA,*,*,83601,Remote
USA,*,*,83602,Remote
USA,*,*,83602,Remote
USA,*,*,83604,Remote
USA,*,*,83604,Remote
USA,*,*,83605,Remote
USA,*,*,83605,Remote
USA,*,*,83606,Remote
USA,*,*,83606,Remote
USA,*,*,83607,Remote
USA,*,*,83607,Remote
USA,*,*,83610,Remote
USA,*,*,83610,Remote
USA,*,*,83611,Remote
USA,*,*,83611,Remote
USA,*,*,83612,Remote
USA,*,*,83612,Remote
USA,*,*,83615,Remote
USA,*,*,83615,Remote
USA,*,*,83616,Remote
USA,*,*,83616,Remote
USA,*,*,83617,Remote
USA,*,*,83617,Remote
USA,*,*,83619,Remote
USA,*,*,83619,Remote
USA,*,*,83622,Remote
USA,*,*,83622,Remote
USA,*,*,83623,Remote
USA,*,*,83623,Remote
USA,*,*,83624,Remote
USA,*,*,83624,Remote
USA,*,*,83626,Remote
USA,*,*,83626,Remote
USA,*,*,83627,Remote
USA,*,*,83627,Remote
USA,*,*,83628,Remote
USA,*,*,83628,Remote
USA,*,*,83629,Remote
USA,*,*,83629,Remote
USA,*,*,83630,Remote
USA,*,*,83630,Remote
USA,*,*,83631,Remote
USA,*,*,83631,Remote
USA,*,*,83632,Remote
USA,*,*,83632,Remote
USA,*,*,83633,Remote
USA,*,*,83633,Remote
USA,*,*,83634,Remote
USA,*,*,83634,Remote
USA,*,*,83635,Remote
USA,*,*,83635,Remote
USA,*,*,83636,Remote
USA,*,*,83636,Remote
USA,*,*,83637,Remote
USA,*,*,83637,Remote
USA,*,*,83638,Remote
USA,*,*,83638,Remote
USA,*,*,83639,Remote
USA,*,*,83639,Remote
USA,*,*,83641,Remote
USA,*,*,83641,Remote
USA,*,*,83642,Remote
USA,*,*,83642,Remote
USA,*,*,83643,Remote
USA,*,*,83643,Remote
USA,*,*,83644,Remote
USA,*,*,83644,Remote
USA,*,*,83645,Remote
USA,*,*,83645,Remote
USA,*,*,83646,Remote
USA,*,*,83646,Remote
USA,*,*,83647,Remote
USA,*,*,83647,Remote
USA,*,*,83648,Remote
USA,*,*,83648,Remote
USA,*,*,83650,Remote
USA,*,*,83650,Remote
USA,*,*,83651,Remote
USA,*,*,83651,Remote
USA,*,*,83652,Remote
USA,*,*,83652,Remote
USA,*,*,83653,Remote
USA,*,*,83653,Remote
USA,*,*,83654,Remote
USA,*,*,83654,Remote
USA,*,*,83655,Remote
USA,*,*,83655,Remote
USA,*,*,83656,Remote
USA,*,*,83656,Remote
USA,*,*,83657,Remote
USA,*,*,83657,Remote
USA,*,*,83660,Remote
USA,*,*,83660,Remote
USA,*,*,83661,Remote
USA,*,*,83661,Remote
USA,*,*,83666,Remote
USA,*,*,83666,Remote
USA,*,*,83669,Remote
USA,*,*,83669,Remote
USA,*,*,83670,Remote
USA,*,*,83670,Remote
USA,*,*,83672,Remote
USA,*,*,83672,Remote
USA,*,*,83676,Remote
USA,*,*,83676,Remote
USA,*,*,83677,Remote
USA,*,*,83677,Remote
USA,*,*,83680,Remote
USA,*,*,83680,Remote
USA,*,*,83686,Remote
USA,*,*,83686,Remote
USA,*,*,83687,Remote
USA,*,*,83687,Remote
USA,*,*,83701,Remote
USA,*,*,83701,Remote
USA,*,*,83702,Remote
USA,*,*,83702,Remote
USA,*,*,83703,Remote
USA,*,*,83703,Remote
USA,*,*,83704,Remote
USA,*,*,83704,Remote
USA,*,*,83705,Remote
USA,*,*,83705,Remote
USA,*,*,83706,Remote
USA,*,*,83706,Remote
USA,*,*,83707,Remote
USA,*,*,83707,Remote
USA,*,*,83708,Remote
USA,*,*,83708,Remote
USA,*,*,83709,Remote
USA,*,*,83709,Remote
USA,*,*,83711,Remote
USA,*,*,83711,Remote
USA,*,*,83712,Remote
USA,*,*,83712,Remote
USA,*,*,83713,Remote
USA,*,*,83713,Remote
USA,*,*,83714,Remote
USA,*,*,83714,Remote
USA,*,*,83715,Remote
USA,*,*,83715,Remote
USA,*,*,83716,Remote
USA,*,*,83716,Remote
USA,*,*,83717,Remote
USA,*,*,83717,Remote
USA,*,*,83720,Remote
USA,*,*,83720,Remote
USA,*,*,83721,Remote
USA,*,*,83721,Remote
USA,*,*,83722,Remote
USA,*,*,83722,Remote
USA,*,*,83724,Remote
USA,*,*,83724,Remote
USA,*,*,83725,Remote
USA,*,*,83725,Remote
USA,*,*,83726,Remote
USA,*,*,83726,Remote
USA,*,*,83728,Remote
USA,*,*,83728,Remote
USA,*,*,83729,Remote
USA,*,*,83729,Remote
USA,*,*,83731,Remote
USA,*,*,83731,Remote
USA,*,*,83732,Remote
USA,*,*,83732,Remote
USA,*,*,83733,Remote
USA,*,*,83733,Remote
USA,*,*,83735,Remote
USA,*,*,83735,Remote
USA,*,*,83756,Remote
USA,*,*,83756,Remote
USA,*,*,83799,Remote
USA,*,*,83799,Remote
USA,*,*,83866,Remote
USA,*,*,83866,Remote
USA,*,*,84001,Remote
USA,*,*,84001,Remote
USA,*,*,84002,Remote
USA,*,*,84002,Remote
USA,*,*,84007,Remote
USA,*,*,84007,Remote
USA,*,*,84008,Remote
USA,*,*,84008,Remote
USA,*,*,84013,Remote
USA,*,*,84013,Remote
USA,*,*,84021,Remote
USA,*,*,84021,Remote
USA,*,*,84022,Remote
USA,*,*,84022,Remote
USA,*,*,84023,Remote
USA,*,*,84023,Remote
USA,*,*,84026,Remote
USA,*,*,84026,Remote
USA,*,*,84027,Remote
USA,*,*,84027,Remote
USA,*,*,84028,Remote
USA,*,*,84028,Remote
USA,*,*,84031,Remote
USA,*,*,84031,Remote
USA,*,*,84032,Remote
USA,*,*,84032,Remote
USA,*,*,84034,Remote
USA,*,*,84034,Remote
USA,*,*,84035,Remote
USA,*,*,84035,Remote
USA,*,*,84038,Remote
USA,*,*,84038,Remote
USA,*,*,84039,Remote
USA,*,*,84039,Remote
USA,*,*,84046,Remote
USA,*,*,84046,Remote
USA,*,*,84051,Remote
USA,*,*,84051,Remote
USA,*,*,84052,Remote
USA,*,*,84052,Remote
USA,*,*,84053,Remote
USA,*,*,84053,Remote
USA,*,*,84061,Remote
USA,*,*,84061,Remote
USA,*,*,84063,Remote
USA,*,*,84063,Remote
USA,*,*,84064,Remote
USA,*,*,84064,Remote
USA,*,*,84066,Remote
USA,*,*,84066,Remote
USA,*,*,84069,Remote
USA,*,*,84069,Remote
USA,*,*,84071,Remote
USA,*,*,84071,Remote
USA,*,*,84072,Remote
USA,*,*,84072,Remote
USA,*,*,84073,Remote
USA,*,*,84073,Remote
USA,*,*,84076,Remote
USA,*,*,84076,Remote
USA,*,*,84078,Remote
USA,*,*,84078,Remote
USA,*,*,84079,Remote
USA,*,*,84079,Remote
USA,*,*,84080,Remote
USA,*,*,84080,Remote
USA,*,*,84083,Remote
USA,*,*,84083,Remote
USA,*,*,84085,Remote
USA,*,*,84085,Remote
USA,*,*,84086,Remote
USA,*,*,84086,Remote
USA,*,*,84301,Remote
USA,*,*,84301,Remote
USA,*,*,84304,Remote
USA,*,*,84304,Remote
USA,*,*,84305,Remote
USA,*,*,84305,Remote
USA,*,*,84306,Remote
USA,*,*,84306,Remote
USA,*,*,84307,Remote
USA,*,*,84307,Remote
USA,*,*,84308,Remote
USA,*,*,84308,Remote
USA,*,*,84309,Remote
USA,*,*,84309,Remote
USA,*,*,84311,Remote
USA,*,*,84311,Remote
USA,*,*,84312,Remote
USA,*,*,84312,Remote
USA,*,*,84313,Remote
USA,*,*,84313,Remote
USA,*,*,84314,Remote
USA,*,*,84314,Remote
USA,*,*,84316,Remote
USA,*,*,84316,Remote
USA,*,*,84318,Remote
USA,*,*,84318,Remote
USA,*,*,84320,Remote
USA,*,*,84320,Remote
USA,*,*,84327,Remote
USA,*,*,84327,Remote
USA,*,*,84329,Remote
USA,*,*,84329,Remote
USA,*,*,84330,Remote
USA,*,*,84330,Remote
USA,*,*,84331,Remote
USA,*,*,84331,Remote
USA,*,*,84332,Remote
USA,*,*,84332,Remote
USA,*,*,84333,Remote
USA,*,*,84333,Remote
USA,*,*,84335,Remote
USA,*,*,84335,Remote
USA,*,*,84336,Remote
USA,*,*,84336,Remote
USA,*,*,84337,Remote
USA,*,*,84337,Remote
USA,*,*,84338,Remote
USA,*,*,84338,Remote
USA,*,*,84339,Remote
USA,*,*,84339,Remote
USA,*,*,84501,Remote
USA,*,*,84501,Remote
USA,*,*,84510,Remote
USA,*,*,84510,Remote
USA,*,*,84511,Remote
USA,*,*,84511,Remote
USA,*,*,84512,Remote
USA,*,*,84512,Remote
USA,*,*,84513,Remote
USA,*,*,84513,Remote
USA,*,*,84515,Remote
USA,*,*,84515,Remote
USA,*,*,84516,Remote
USA,*,*,84516,Remote
USA,*,*,84518,Remote
USA,*,*,84518,Remote
USA,*,*,84520,Remote
USA,*,*,84520,Remote
USA,*,*,84521,Remote
USA,*,*,84521,Remote
USA,*,*,84522,Remote
USA,*,*,84522,Remote
USA,*,*,84523,Remote
USA,*,*,84523,Remote
USA,*,*,84525,Remote
USA,*,*,84525,Remote
USA,*,*,84526,Remote
USA,*,*,84526,Remote
USA,*,*,84528,Remote
USA,*,*,84528,Remote
USA,*,*,84529,Remote
USA,*,*,84529,Remote
USA,*,*,84530,Remote
USA,*,*,84530,Remote
USA,*,*,84531,Remote
USA,*,*,84531,Remote
USA,*,*,84532,Remote
USA,*,*,84532,Remote
USA,*,*,84533,Remote
USA,*,*,84533,Remote
USA,*,*,84534,Remote
USA,*,*,84534,Remote
USA,*,*,84535,Remote
USA,*,*,84535,Remote
USA,*,*,84536,Remote
USA,*,*,84536,Remote
USA,*,*,84537,Remote
USA,*,*,84537,Remote
USA,*,*,84539,Remote
USA,*,*,84539,Remote
USA,*,*,84540,Remote
USA,*,*,84540,Remote
USA,*,*,84542,Remote
USA,*,*,84542,Remote
USA,*,*,84620,Remote
USA,*,*,84620,Remote
USA,*,*,84621,Remote
USA,*,*,84621,Remote
USA,*,*,84622,Remote
USA,*,*,84622,Remote
USA,*,*,84623,Remote
USA,*,*,84623,Remote
USA,*,*,84624,Remote
USA,*,*,84624,Remote
USA,*,*,84626,Remote
USA,*,*,84626,Remote
USA,*,*,84627,Remote
USA,*,*,84627,Remote
USA,*,*,84628,Remote
USA,*,*,84628,Remote
USA,*,*,84629,Remote
USA,*,*,84629,Remote
USA,*,*,84630,Remote
USA,*,*,84630,Remote
USA,*,*,84631,Remote
USA,*,*,84631,Remote
USA,*,*,84632,Remote
USA,*,*,84632,Remote
USA,*,*,84633,Remote
USA,*,*,84633,Remote
USA,*,*,84634,Remote
USA,*,*,84634,Remote
USA,*,*,84635,Remote
USA,*,*,84635,Remote
USA,*,*,84636,Remote
USA,*,*,84636,Remote
USA,*,*,84637,Remote
USA,*,*,84637,Remote
USA,*,*,84638,Remote
USA,*,*,84638,Remote
USA,*,*,84639,Remote
USA,*,*,84639,Remote
USA,*,*,84640,Remote
USA,*,*,84640,Remote
USA,*,*,84642,Remote
USA,*,*,84642,Remote
USA,*,*,84643,Remote
USA,*,*,84643,Remote
USA,*,*,84644,Remote
USA,*,*,84644,Remote
USA,*,*,84645,Remote
USA,*,*,84645,Remote
USA,*,*,84646,Remote
USA,*,*,84646,Remote
USA,*,*,84647,Remote
USA,*,*,84647,Remote
USA,*,*,84648,Remote
USA,*,*,84648,Remote
USA,*,*,84649,Remote
USA,*,*,84649,Remote
USA,*,*,84652,Remote
USA,*,*,84652,Remote
USA,*,*,84654,Remote
USA,*,*,84654,Remote
USA,*,*,84656,Remote
USA,*,*,84656,Remote
USA,*,*,84657,Remote
USA,*,*,84657,Remote
USA,*,*,84662,Remote
USA,*,*,84662,Remote
USA,*,*,84665,Remote
USA,*,*,84665,Remote
USA,*,*,84667,Remote
USA,*,*,84667,Remote
USA,*,*,84701,Remote
USA,*,*,84701,Remote
USA,*,*,84710,Remote
USA,*,*,84710,Remote
USA,*,*,84711,Remote
USA,*,*,84711,Remote
USA,*,*,84712,Remote
USA,*,*,84712,Remote
USA,*,*,84713,Remote
USA,*,*,84713,Remote
USA,*,*,84716,Remote
USA,*,*,84716,Remote
USA,*,*,84724,Remote
USA,*,*,84724,Remote
USA,*,*,84728,Remote
USA,*,*,84728,Remote
USA,*,*,84729,Remote
USA,*,*,84729,Remote
USA,*,*,84737,Remote
USA,*,*,84737,Remote
USA,*,*,84741,Remote
USA,*,*,84741,Remote
USA,*,*,84753,Remote
USA,*,*,84753,Remote
USA,*,*,84755,Remote
USA,*,*,84755,Remote
USA,*,*,84758,Remote
USA,*,*,84758,Remote
USA,*,*,84773,Remote
USA,*,*,84773,Remote
USA,*,*,85328,Remote
USA,*,*,85328,Remote
USA,*,*,85362,Remote
USA,*,*,85362,Remote
USA,*,*,85541,Remote
USA,*,*,85541,Remote
USA,*,*,85553,Remote
USA,*,*,85553,Remote
USA,*,*,85554,Remote
USA,*,*,85554,Remote
USA,*,*,85619,Remote
USA,*,*,85619,Remote
USA,*,*,85633,Remote
USA,*,*,85633,Remote
USA,*,*,85634,Remote
USA,*,*,85634,Remote
USA,*,*,85639,Remote
USA,*,*,85639,Remote
USA,*,*,85920,Remote
USA,*,*,85920,Remote
USA,*,*,85922,Remote
USA,*,*,85922,Remote
USA,*,*,85932,Remote
USA,*,*,85932,Remote
USA,*,*,85936,Remote
USA,*,*,85936,Remote
USA,*,*,85942,Remote
USA,*,*,85942,Remote
USA,*,*,86016,Remote
USA,*,*,86016,Remote
USA,*,*,86020,Remote
USA,*,*,86020,Remote
USA,*,*,86022,Remote
USA,*,*,86022,Remote
USA,*,*,86023,Remote
USA,*,*,86023,Remote
USA,*,*,86030,Remote
USA,*,*,86030,Remote
USA,*,*,86031,Remote
USA,*,*,86031,Remote
USA,*,*,86033,Remote
USA,*,*,86033,Remote
USA,*,*,86034,Remote
USA,*,*,86034,Remote
USA,*,*,86036,Remote
USA,*,*,86036,Remote
USA,*,*,86039,Remote
USA,*,*,86039,Remote
USA,*,*,86042,Remote
USA,*,*,86042,Remote
USA,*,*,86043,Remote
USA,*,*,86043,Remote
USA,*,*,86044,Remote
USA,*,*,86044,Remote
USA,*,*,86052,Remote
USA,*,*,86052,Remote
USA,*,*,86053,Remote
USA,*,*,86053,Remote
USA,*,*,86054,Remote
USA,*,*,86054,Remote
USA,*,*,86331,Remote
USA,*,*,86331,Remote
USA,*,*,86332,Remote
USA,*,*,86332,Remote
USA,*,*,86342,Remote
USA,*,*,86342,Remote
USA,*,*,86343,Remote
USA,*,*,86343,Remote
USA,*,*,86411,Remote
USA,*,*,86411,Remote
USA,*,*,86431,Remote
USA,*,*,86431,Remote
USA,*,*,86434,Remote
USA,*,*,86434,Remote
USA,*,*,86437,Remote
USA,*,*,86437,Remote
USA,*,*,86441,Remote
USA,*,*,86441,Remote
USA,*,*,86443,Remote
USA,*,*,86443,Remote
USA,*,*,86444,Remote
USA,*,*,86444,Remote
USA,*,*,86502,Remote
USA,*,*,86502,Remote
USA,*,*,86503,Remote
USA,*,*,86503,Remote
USA,*,*,86504,Remote
USA,*,*,86504,Remote
USA,*,*,86506,Remote
USA,*,*,86506,Remote
USA,*,*,86507,Remote
USA,*,*,86507,Remote
USA,*,*,86511,Remote
USA,*,*,86511,Remote
USA,*,*,86512,Remote
USA,*,*,86512,Remote
USA,*,*,86514,Remote
USA,*,*,86514,Remote
USA,*,*,86515,Remote
USA,*,*,86515,Remote
USA,*,*,86520,Remote
USA,*,*,86520,Remote
USA,*,*,86535,Remote
USA,*,*,86535,Remote
USA,*,*,86538,Remote
USA,*,*,86538,Remote
USA,*,*,86544,Remote
USA,*,*,86544,Remote
USA,*,*,86545,Remote
USA,*,*,86545,Remote
USA,*,*,86547,Remote
USA,*,*,86547,Remote
USA,*,*,88020,Remote
USA,*,*,88020,Remote
USA,*,*,88040,Remote
USA,*,*,88040,Remote
USA,*,*,88301,Remote
USA,*,*,88301,Remote
USA,*,*,89001,Remote
USA,*,*,89001,Remote
USA,*,*,89003,Remote
USA,*,*,89003,Remote
USA,*,*,89008,Remote
USA,*,*,89008,Remote
USA,*,*,89010,Remote
USA,*,*,89010,Remote
USA,*,*,89013,Remote
USA,*,*,89013,Remote
USA,*,*,89017,Remote
USA,*,*,89017,Remote
USA,*,*,89018,Remote
USA,*,*,89018,Remote
USA,*,*,89020,Remote
USA,*,*,89020,Remote
USA,*,*,89022,Remote
USA,*,*,89022,Remote
USA,*,*,89023,Remote
USA,*,*,89023,Remote
USA,*,*,89025,Remote
USA,*,*,89025,Remote
USA,*,*,89040,Remote
USA,*,*,89040,Remote
USA,*,*,89042,Remote
USA,*,*,89042,Remote
USA,*,*,89043,Remote
USA,*,*,89043,Remote
USA,*,*,89047,Remote
USA,*,*,89047,Remote
USA,*,*,89049,Remote
USA,*,*,89049,Remote
USA,*,*,89070,Remote
USA,*,*,89070,Remote
USA,*,*,89301,Remote
USA,*,*,89301,Remote
USA,*,*,89311,Remote
USA,*,*,89311,Remote
USA,*,*,89314,Remote
USA,*,*,89314,Remote
USA,*,*,89315,Remote
USA,*,*,89315,Remote
USA,*,*,89316,Remote
USA,*,*,89316,Remote
USA,*,*,89317,Remote
USA,*,*,89317,Remote
USA,*,*,89318,Remote
USA,*,*,89318,Remote
USA,*,*,89319,Remote
USA,*,*,89319,Remote
USA,*,*,89427,Remote
USA,*,*,89427,Remote
USA,*,*,89801,Remote
USA,*,*,89801,Remote
USA,*,*,89802,Remote
USA,*,*,89802,Remote
USA,*,*,89803,Remote
USA,*,*,89803,Remote
USA,*,*,89815,Remote
USA,*,*,89815,Remote
USA,*,*,89821,Remote
USA,*,*,89821,Remote
USA,*,*,89822,Remote
USA,*,*,89822,Remote
USA,*,*,89823,Remote
USA,*,*,89823,Remote
USA,*,*,89824,Remote
USA,*,*,89824,Remote
USA,*,*,89825,Remote
USA,*,*,89825,Remote
USA,*,*,89826,Remote
USA,*,*,89826,Remote
USA,*,*,89828,Remote
USA,*,*,89828,Remote
USA,*,*,89830,Remote
USA,*,*,89830,Remote
USA,*,*,89831,Remote
USA,*,*,89831,Remote
USA,*,*,89832,Remote
USA,*,*,89832,Remote
USA,*,*,89833,Remote
USA,*,*,89833,Remote
USA,*,*,89834,Remote
USA,*,*,89834,Remote
USA,*,*,89835,Remote
USA,*,*,89835,Remote
USA,*,*,89883,Remote
USA,*,*,89883,Remote
USA,*,*,90704,Remote
USA,*,*,90704,Remote
USA,*,*,91948,Remote
USA,*,*,91948,Remote
USA,*,*,91963,Remote
USA,*,*,91963,Remote
USA,*,*,92004,Remote
USA,*,*,92004,Remote
USA,*,*,92028,Remote
USA,*,*,92028,Remote
USA,*,*,92036,Remote
USA,*,*,92036,Remote
USA,*,*,92060,Remote
USA,*,*,92060,Remote
USA,*,*,92066,Remote
USA,*,*,92066,Remote
USA,*,*,92068,Remote
USA,*,*,92068,Remote
USA,*,*,92088,Remote
USA,*,*,92088,Remote
USA,*,*,92257,Remote
USA,*,*,92257,Remote
USA,*,*,92281,Remote
USA,*,*,92281,Remote
USA,*,*,92283,Remote
USA,*,*,92283,Remote
USA,*,*,92328,Remote
USA,*,*,92328,Remote
USA,*,*,92332,Remote
USA,*,*,92332,Remote
USA,*,*,92363,Remote
USA,*,*,92363,Remote
USA,*,*,92366,Remote
USA,*,*,92366,Remote
USA,*,*,93453,Remote
USA,*,*,93453,Remote
USA,*,*,93920,Remote
USA,*,*,93920,Remote
USA,*,*,93924,Remote
USA,*,*,93924,Remote
USA,*,*,93954,Remote
USA,*,*,93954,Remote
USA,*,*,94020,Remote
USA,*,*,94020,Remote
USA,*,*,94037,Remote
USA,*,*,94037,Remote
USA,*,*,94920,Remote
USA,*,*,94920,Remote
USA,*,*,95005,Remote
USA,*,*,95005,Remote
USA,*,*,95006,Remote
USA,*,*,95006,Remote
USA,*,*,95017,Remote
USA,*,*,95017,Remote
USA,*,*,95018,Remote
USA,*,*,95018,Remote
USA,*,*,95043,Remote
USA,*,*,95043,Remote
USA,*,*,95075,Remote
USA,*,*,95075,Remote
USA,*,*,95223,Remote
USA,*,*,95223,Remote
USA,*,*,95631,Remote
USA,*,*,95631,Remote
USA,*,*,95633,Remote
USA,*,*,95633,Remote
USA,*,*,95634,Remote
USA,*,*,95634,Remote
USA,*,*,95636,Remote
USA,*,*,95636,Remote
USA,*,*,95637,Remote
USA,*,*,95637,Remote
USA,*,*,95645,Remote
USA,*,*,95645,Remote
USA,*,*,95651,Remote
USA,*,*,95651,Remote
USA,*,*,95656,Remote
USA,*,*,95656,Remote
USA,*,*,95664,Remote
USA,*,*,95664,Remote
USA,*,*,95666,Remote
USA,*,*,95666,Remote
USA,*,*,95675,Remote
USA,*,*,95675,Remote
USA,*,*,95676,Remote
USA,*,*,95676,Remote
USA,*,*,95679,Remote
USA,*,*,95679,Remote
USA,*,*,95684,Remote
USA,*,*,95684,Remote
USA,*,*,95701,Remote
USA,*,*,95701,Remote
USA,*,*,95713,Remote
USA,*,*,95713,Remote
USA,*,*,95715,Remote
USA,*,*,95715,Remote
USA,*,*,95717,Remote
USA,*,*,95717,Remote
USA,*,*,95720,Remote
USA,*,*,95720,Remote
USA,*,*,95722,Remote
USA,*,*,95722,Remote
USA,*,*,95726,Remote
USA,*,*,95726,Remote
USA,*,*,95735,Remote
USA,*,*,95735,Remote
USA,*,*,95910,Remote
USA,*,*,95910,Remote
USA,*,*,95912,Remote
USA,*,*,95912,Remote
USA,*,*,95914,Remote
USA,*,*,95914,Remote
USA,*,*,95918,Remote
USA,*,*,95918,Remote
USA,*,*,95919,Remote
USA,*,*,95919,Remote
USA,*,*,95922,Remote
USA,*,*,95922,Remote
USA,*,*,95925,Remote
USA,*,*,95925,Remote
USA,*,*,95930,Remote
USA,*,*,95930,Remote
USA,*,*,95935,Remote
USA,*,*,95935,Remote
USA,*,*,95936,Remote
USA,*,*,95936,Remote
USA,*,*,95944,Remote
USA,*,*,95944,Remote
USA,*,*,95945,Remote
USA,*,*,95945,Remote
USA,*,*,95946,Remote
USA,*,*,95946,Remote
USA,*,*,95949,Remote
USA,*,*,95949,Remote
USA,*,*,95950,Remote
USA,*,*,95950,Remote
USA,*,*,95959,Remote
USA,*,*,95959,Remote
USA,*,*,95960,Remote
USA,*,*,95960,Remote
USA,*,*,95962,Remote
USA,*,*,95962,Remote
USA,*,*,95970,Remote
USA,*,*,95970,Remote
USA,*,*,95972,Remote
USA,*,*,95972,Remote
USA,*,*,95975,Remote
USA,*,*,95975,Remote
USA,*,*,95977,Remote
USA,*,*,95977,Remote
USA,*,*,95979,Remote
USA,*,*,95979,Remote
USA,*,*,95981,Remote
USA,*,*,95981,Remote
USA,*,*,95982,Remote
USA,*,*,95982,Remote
USA,*,*,95986,Remote
USA,*,*,95986,Remote
USA,*,*,96014,Remote
USA,*,*,96014,Remote
USA,*,*,96017,Remote
USA,*,*,96017,Remote
USA,*,*,96023,Remote
USA,*,*,96023,Remote
USA,*,*,96024,Remote
USA,*,*,96024,Remote
USA,*,*,96025,Remote
USA,*,*,96025,Remote
USA,*,*,96027,Remote
USA,*,*,96027,Remote
USA,*,*,96029,Remote
USA,*,*,96029,Remote
USA,*,*,96031,Remote
USA,*,*,96031,Remote
USA,*,*,96033,Remote
USA,*,*,96033,Remote
USA,*,*,96037,Remote
USA,*,*,96037,Remote
USA,*,*,96039,Remote
USA,*,*,96039,Remote
USA,*,*,96041,Remote
USA,*,*,96041,Remote
USA,*,*,96046,Remote
USA,*,*,96046,Remote
USA,*,*,96047,Remote
USA,*,*,96047,Remote
USA,*,*,96048,Remote
USA,*,*,96048,Remote
USA,*,*,96050,Remote
USA,*,*,96050,Remote
USA,*,*,96052,Remote
USA,*,*,96052,Remote
USA,*,*,96057,Remote
USA,*,*,96057,Remote
USA,*,*,96058,Remote
USA,*,*,96058,Remote
USA,*,*,96059,Remote
USA,*,*,96059,Remote
USA,*,*,96061,Remote
USA,*,*,96061,Remote
USA,*,*,96062,Remote
USA,*,*,96062,Remote
USA,*,*,96063,Remote
USA,*,*,96063,Remote
USA,*,*,96065,Remote
USA,*,*,96065,Remote
USA,*,*,96069,Remote
USA,*,*,96069,Remote
USA,*,*,96070,Remote
USA,*,*,96070,Remote
USA,*,*,96071,Remote
USA,*,*,96071,Remote
USA,*,*,96074,Remote
USA,*,*,96074,Remote
USA,*,*,96075,Remote
USA,*,*,96075,Remote
USA,*,*,96076,Remote
USA,*,*,96076,Remote
USA,*,*,96084,Remote
USA,*,*,96084,Remote
USA,*,*,96085,Remote
USA,*,*,96085,Remote
USA,*,*,96086,Remote
USA,*,*,96086,Remote
USA,*,*,96088,Remote
USA,*,*,96088,Remote
USA,*,*,96089,Remote
USA,*,*,96089,Remote
USA,*,*,96091,Remote
USA,*,*,96091,Remote
USA,*,*,96093,Remote
USA,*,*,96093,Remote
USA,*,*,96095,Remote
USA,*,*,96095,Remote
USA,*,*,96096,Remote
USA,*,*,96096,Remote
USA,*,*,96105,Remote
USA,*,*,96105,Remote
USA,*,*,96125,Remote
USA,*,*,96125,Remote
USA,*,*,96134,Remote
USA,*,*,96134,Remote
USA,*,*,97001,Remote
USA,*,*,97001,Remote
USA,*,*,97406,Remote
USA,*,*,97406,Remote
USA,*,*,97411,Remote
USA,*,*,97411,Remote
USA,*,*,97416,Remote
USA,*,*,97416,Remote
USA,*,*,97425,Remote
USA,*,*,97425,Remote
USA,*,*,97458,Remote
USA,*,*,97458,Remote
USA,*,*,97466,Remote
USA,*,*,97466,Remote
USA,*,*,97476,Remote
USA,*,*,97476,Remote
USA,*,*,97604,Remote
USA,*,*,97604,Remote
USA,*,*,97620,Remote
USA,*,*,97620,Remote
USA,*,*,97630,Remote
USA,*,*,97630,Remote
USA,*,*,97635,Remote
USA,*,*,97635,Remote
USA,*,*,97636,Remote
USA,*,*,97636,Remote
USA,*,*,97638,Remote
USA,*,*,97638,Remote
USA,*,*,97640,Remote
USA,*,*,97640,Remote
USA,*,*,97641,Remote
USA,*,*,97641,Remote
USA,*,*,97711,Remote
USA,*,*,97711,Remote
USA,*,*,97721,Remote
USA,*,*,97721,Remote
USA,*,*,97731,Remote
USA,*,*,97731,Remote
USA,*,*,97732,Remote
USA,*,*,97732,Remote
USA,*,*,97733,Remote
USA,*,*,97733,Remote
USA,*,*,97735,Remote
USA,*,*,97735,Remote
USA,*,*,97736,Remote
USA,*,*,97736,Remote
USA,*,*,97740,Remote
USA,*,*,97740,Remote
USA,*,*,97750,Remote
USA,*,*,97750,Remote
USA,*,*,97817,Remote
USA,*,*,97817,Remote
USA,*,*,97819,Remote
USA,*,*,97819,Remote
USA,*,*,97827,Remote
USA,*,*,97827,Remote
USA,*,*,97830,Remote
USA,*,*,97830,Remote
USA,*,*,97831,Remote
USA,*,*,97831,Remote
USA,*,*,97834,Remote
USA,*,*,97834,Remote
USA,*,*,97837,Remote
USA,*,*,97837,Remote
USA,*,*,97840,Remote
USA,*,*,97840,Remote
USA,*,*,97842,Remote
USA,*,*,97842,Remote
USA,*,*,97846,Remote
USA,*,*,97846,Remote
USA,*,*,97848,Remote
USA,*,*,97848,Remote
USA,*,*,97856,Remote
USA,*,*,97856,Remote
USA,*,*,97864,Remote
USA,*,*,97864,Remote
USA,*,*,97870,Remote
USA,*,*,97870,Remote
USA,*,*,97872,Remote
USA,*,*,97872,Remote
USA,*,*,97874,Remote
USA,*,*,97874,Remote
USA,*,*,97877,Remote
USA,*,*,97877,Remote
USA,*,*,97884,Remote
USA,*,*,97884,Remote
USA,*,*,97901,Remote
USA,*,*,97901,Remote
USA,*,*,97902,Remote
USA,*,*,97902,Remote
USA,*,*,97903,Remote
USA,*,*,97903,Remote
USA,*,*,97904,Remote
USA,*,*,97904,Remote
USA,*,*,97906,Remote
USA,*,*,97906,Remote
USA,*,*,97907,Remote
USA,*,*,97907,Remote
USA,*,*,97908,Remote
USA,*,*,97908,Remote
USA,*,*,97909,Remote
USA,*,*,97909,Remote
USA,*,*,97910,Remote
USA,*,*,97910,Remote
USA,*,*,97911,Remote
USA,*,*,97911,Remote
USA,*,*,97913,Remote
USA,*,*,97913,Remote
USA,*,*,97914,Remote
USA,*,*,97914,Remote
USA,*,*,97917,Remote
USA,*,*,97917,Remote
USA,*,*,97918,Remote
USA,*,*,97918,Remote
USA,*,*,97920,Remote
USA,*,*,97920,Remote
USA,*,*,98022,Remote
USA,*,*,98022,Remote
USA,*,*,98045,Remote
USA,*,*,98045,Remote
USA,*,*,98068,Remote
USA,*,*,98068,Remote
USA,*,*,98070,Remote
USA,*,*,98070,Remote
USA,*,*,98220,Remote
USA,*,*,98220,Remote
USA,*,*,98221,Remote
USA,*,*,98221,Remote
USA,*,*,98223,Remote
USA,*,*,98223,Remote
USA,*,*,98224,Remote
USA,*,*,98224,Remote
USA,*,*,98237,Remote
USA,*,*,98237,Remote
USA,*,*,98241,Remote
USA,*,*,98241,Remote
USA,*,*,98243,Remote
USA,*,*,98243,Remote
USA,*,*,98244,Remote
USA,*,*,98244,Remote
USA,*,*,98245,Remote
USA,*,*,98245,Remote
USA,*,*,98250,Remote
USA,*,*,98250,Remote
USA,*,*,98252,Remote
USA,*,*,98252,Remote
USA,*,*,98255,Remote
USA,*,*,98255,Remote
USA,*,*,98256,Remote
USA,*,*,98256,Remote
USA,*,*,98261,Remote
USA,*,*,98261,Remote
USA,*,*,98262,Remote
USA,*,*,98262,Remote
USA,*,*,98263,Remote
USA,*,*,98263,Remote
USA,*,*,98266,Remote
USA,*,*,98266,Remote
USA,*,*,98267,Remote
USA,*,*,98267,Remote
USA,*,*,98279,Remote
USA,*,*,98279,Remote
USA,*,*,98280,Remote
USA,*,*,98280,Remote
USA,*,*,98283,Remote
USA,*,*,98283,Remote
USA,*,*,98284,Remote
USA,*,*,98284,Remote
USA,*,*,98286,Remote
USA,*,*,98286,Remote
USA,*,*,98288,Remote
USA,*,*,98288,Remote
USA,*,*,98297,Remote
USA,*,*,98297,Remote
USA,*,*,98303,Remote
USA,*,*,98303,Remote
USA,*,*,98304,Remote
USA,*,*,98304,Remote
USA,*,*,98336,Remote
USA,*,*,98336,Remote
USA,*,*,98361,Remote
USA,*,*,98361,Remote
USA,*,*,98524,Remote
USA,*,*,98524,Remote
USA,*,*,98526,Remote
USA,*,*,98526,Remote
USA,*,*,98527,Remote
USA,*,*,98527,Remote
USA,*,*,98535,Remote
USA,*,*,98535,Remote
USA,*,*,98536,Remote
USA,*,*,98536,Remote
USA,*,*,98538,Remote
USA,*,*,98538,Remote
USA,*,*,98539,Remote
USA,*,*,98539,Remote
USA,*,*,98546,Remote
USA,*,*,98546,Remote
USA,*,*,98547,Remote
USA,*,*,98547,Remote
USA,*,*,98548,Remote
USA,*,*,98548,Remote
USA,*,*,98552,Remote
USA,*,*,98552,Remote
USA,*,*,98554,Remote
USA,*,*,98554,Remote
USA,*,*,98555,Remote
USA,*,*,98555,Remote
USA,*,*,98560,Remote
USA,*,*,98560,Remote
USA,*,*,98561,Remote
USA,*,*,98561,Remote
USA,*,*,98562,Remote
USA,*,*,98562,Remote
USA,*,*,98566,Remote
USA,*,*,98566,Remote
USA,*,*,98571,Remote
USA,*,*,98571,Remote
USA,*,*,98572,Remote
USA,*,*,98572,Remote
USA,*,*,98575,Remote
USA,*,*,98575,Remote
USA,*,*,98587,Remote
USA,*,*,98587,Remote
USA,*,*,98616,Remote
USA,*,*,98616,Remote
USA,*,*,98859,Remote
USA,*,*,98859,Remote
USA,*,*,99105,Remote
USA,*,*,99105,Remote
USA,*,*,99121,Remote
USA,*,*,99121,Remote
USA,*,*,99126,Remote
USA,*,*,99126,Remote
USA,*,*,99137,Remote
USA,*,*,99137,Remote
USA,*,*,99138,Remote
USA,*,*,99138,Remote
USA,*,*,99140,Remote
USA,*,*,99140,Remote
USA,*,*,99146,Remote
USA,*,*,99146,Remote
USA,*,*,99160,Remote
USA,*,*,99160,Remote
USA,*,*,99356,Remote
USA,*,*,99356,Remote
USA,*,*,99401,Remote
USA,*,*,99401,Remote
USA,CA,Anaheim,*,
USA,CA,Anaheim,*,
USA,CA,Azusa,*,
USA,CA,Azusa,*,
USA,CA,Beverly Hills,*,
USA,CA,Beverly Hills,*,
USA,CA,Brea,*,
USA,CA,Brea,*,
USA,CA,Buena Park,*,
USA,CA,Buena Park,*,
USA,CA,Burbank,*,
USA,CA,Burbank,*,
USA,CA,Calabasas,*,
USA,CA,Calabasas,*,
USA,CA,Carlsbad,*,
USA,CA,Carlsbad,*,
USA,CA,Carson,*,
USA,CA,Carson,*,
USA,CA,Chino,*,
USA,CA,Chino,*,
USA,CA,Chula Vista,*,
USA,CA,Chula Vista,*,
USA,CA,Compton,*,
USA,CA,Compton,*,
USA,CA,Costa Mesa,*,
USA,CA,Costa Mesa,*,
USA,CA,Culver City,*,
USA,CA,Culver City,*,
USA,CA,Cypress,*,
USA,CA,Cypress,*,
USA,CA,El Monte,*,
USA,CA,El Monte,*,
USA,CA,Fontana,*,
USA,CA,Fontana,*,
USA,CA,Fullerton,*,
USA,CA,Fullerton,*,
USA,CA,Garden Grove,*,
USA,CA,Garden Grove,*,
USA,CA,Glendale,*,
USA,CA,Glendale,*,
USA,CA,Hawthorne,*,
USA,CA,Hawthorne,*,
USA,CA,Huntington Beach,*,
USA,CA,Huntington Beach,*,
USA,CA,Inglewood,*,
USA,CA,Inglewood,*,
USA,CA,Irvine,*,
USA,CA,Irvine,*,
USA,CA,La Puente,*,
USA,CA,La Puente,*,
USA,CA,Laguna Beach,*,
USA,CA,Laguna Beach,*,
USA,CA,Lake Forest,*,
USA,CA,Lake Forest,*,
USA,CA,Los Angeles,*,
USA,CA,Los Angeles,*,
USA,CA,Malibu,*,
USA,CA,Malibu,*,
USA,CA,Manhattan Beach,*,
USA,CA,Manhattan Beach,*,
USA,CA,Newport Beach,*,
USA,CA,Newport Beach,*,
USA,CA,Riverside,*,
USA,CA,Riverside,*,
USA,CA,San Benardino,*,
USA,CA,San Benardino,*,
USA,CA,San Diego,*,
USA,CA,San Diego,*,
USA,CA,Santa Ana,*,
USA,CA,Santa Ana,*,
USA,CA,Santa Barbara,*,
USA,CA,Santa Barbara,*,
