zipcode,state
11964,New York
11965,New York
22967,Virginia
36748,Alabama
36782,Alabama
38589,Tennessee
49726,Michigan
54246,Wisconsin
58627,North Dakota
58634,North Dakota
58639,South Dakota
58643,North Dakota
58644,North Dakota
58649,South Dakota
58653,North Dakota
58711,North Dakota
58712,North Dakota
58713,North Dakota
58722,North Dakota
58723,North Dakota
58730,North Dakota
58731,North Dakota
58744,North Dakota
58748,North Dakota
58758,North Dakota
58770,North Dakota
58778,North Dakota
58781,North Dakota
58792,North Dakota
58794,North Dakota
58795,North Dakota
58833,North Dakota
58844,North Dakota
58845,Montana
59001,Montana
59002,Montana
59003,Montana
59004,Montana
59006,Montana
59007,Montana
59008,Wyoming
59010,Montana
59011,Montana
59012,Montana
59013,Montana
59014,Montana
59015,Montana
59016,Montana
59018,Montana
59019,Montana
59020,Montana
59022,Montana
59024,Montana
59025,Montana
59026,Montana
59027,Montana
59028,Montana
59029,Montana
59030,Montana
59031,Montana
59032,Montana
59033,Montana
59034,Montana
59035,Montana
59036,Montana
59037,Montana
59038,Montana
59039,Montana
59041,Montana
59043,Montana
59044,Montana
59046,Montana
59047,Montana
59050,Montana
59052,Montana
59053,Montana
59054,Montana
59055,Montana
59057,Montana
59058,Montana
59059,Montana
59061,Montana
59062,Montana
59063,Montana
59064,Montana
59065,Montana
59066,Montana
59067,Montana
59068,Montana
59069,Montana
59070,Montana
59071,Montana
59072,Montana
59074,Montana
59075,Montana
59076,Montana
59077,Montana
59078,Montana
59079,Montana
59081,Montana
59082,Montana
59083,Montana
59084,Montana
59085,Montana
59086,Montana
59087,Montana
59088,Montana
59089,Montana
59101,Montana
59102,Montana
59103,Montana
59104,Montana
59105,Montana
59106,Montana
59107,Montana
59108,Montana
59111,Montana
59112,Montana
59114,Montana
59115,Montana
59116,Montana
59117,Montana
59201,Montana
59211,Montana
59212,Montana
59213,Montana
59214,Montana
59215,Montana
59217,Montana
59218,Montana
59219,Montana
59221,Montana
59222,Montana
59223,Montana
59225,Montana
59226,Montana
59230,Montana
59231,Montana
59240,Montana
59241,Montana
59242,Montana
59243,Montana
59244,Montana
59247,Montana
59248,Montana
59250,Montana
59252,Montana
59253,Montana
59254,Montana
59255,Montana
59256,Montana
59257,Montana
59258,Montana
59259,Montana
59260,Montana
59261,Montana
59262,Montana
59263,Montana
59270,Montana
59273,Montana
59274,Montana
59276,Montana
59301,Montana
59311,Wyoming
59312,Montana
59313,Montana
59314,Montana
59315,Montana
59316,Montana
59317,Montana
59318,Montana
59319,Montana
59322,Montana
59323,Montana
59324,Montana
59326,Montana
59327,Montana
59330,Montana
59332,Montana
59333,Montana
59336,Montana
59337,Montana
59338,Montana
59339,Montana
59341,Montana
59343,Montana
59344,Montana
59345,Montana
59347,Montana
59349,Montana
59351,Montana
59353,Montana
59354,Montana
59401,Montana
59402,Montana
59403,Montana
59404,Montana
59405,Montana
59406,Montana
59410,Montana
59411,Montana
59412,Montana
59414,Montana
59416,Montana
59417,Montana
59418,Montana
59419,Montana
59421,Montana
59422,Montana
59424,Montana
59425,Montana
59427,Montana
59430,Montana
59432,Montana
59433,Montana
59434,Montana
59435,Montana
59436,Montana
59440,Montana
59441,Montana
59442,Montana
59443,Montana
59444,Montana
59446,Montana
59448,Montana
59450,Montana
59451,Montana
59452,Montana
59453,Montana
59454,Montana
59456,Montana
59457,Montana
59460,Montana
59461,Montana
59462,Montana
59463,Montana
59464,Montana
59465,Montana
59466,Montana
59467,Montana
59468,Montana
59469,Montana
59471,Montana
59472,Montana
59474,Montana
59477,Montana
59479,Montana
59480,Montana
59482,Montana
59483,Montana
59484,Montana
59485,Montana
59486,Montana
59487,Montana
59489,Montana
59501,Montana
59520,Montana
59521,Montana
59522,Montana
59523,Montana
59524,Montana
59525,Montana
59526,Montana
59527,Montana
59528,Montana
59529,Montana
59530,Montana
59531,Montana
59532,Montana
59535,Montana
59537,Montana
59538,Montana
59540,Montana
59542,Montana
59544,Montana
59545,Montana
59546,Montana
59547,Montana
59601,Montana
59602,Montana
59604,Montana
59620,Montana
59623,Montana
59624,Montana
59625,Montana
59626,Montana
59631,Montana
59632,Montana
59633,Montana
59634,Montana
59635,Montana
59636,Montana
59638,Montana
59639,Montana
59640,Montana
59641,Montana
59642,Montana
59643,Montana
59644,Montana
59645,Montana
59647,Montana
59648,Montana
59701,Montana
59702,Montana
59703,Montana
59707,Montana
59710,Montana
59711,Montana
59714,Montana
59715,Montana
59716,Montana
59717,Montana
59718,Montana
59720,Montana
59721,Montana
59722,Montana
59724,Montana
59725,Montana
59727,Montana
59728,Montana
59729,Montana
59730,Montana
59731,Montana
59732,Montana
59733,Montana
59735,Montana
59736,Montana
59739,Montana
59740,Montana
59741,Montana
59743,Montana
59745,Montana
59746,Montana
59747,Montana
59748,Montana
59749,Montana
59750,Montana
59751,Montana
59752,Montana
59754,Montana
59755,Montana
59756,Montana
59758,Montana
59759,Montana
59760,Montana
59761,Montana
59762,Montana
59771,Montana
59772,Montana
59801,Montana
59802,Montana
59803,Montana
59804,Montana
59806,Montana
59807,Montana
59808,Montana
59812,Montana
59820,Montana
59821,Montana
59823,Montana
59824,Montana
59825,Montana
59826,Montana
59827,Montana
59828,Montana
59829,Montana
59830,Montana
59831,Montana
59832,Montana
59833,Montana
59834,Montana
59835,Montana
59837,Montana
59840,Montana
59841,Montana
59842,Montana
59843,Montana
59844,Montana
59845,Montana
59846,Montana
59847,Idaho
59848,Montana
59851,Montana
59853,Montana
59854,Montana
59855,Montana
59856,Montana
59858,Montana
59859,Montana
59860,Montana
59863,Montana
59864,Montana
59865,Montana
59866,Montana
59867,Montana
59868,Montana
59870,Montana
59871,Montana
59872,Montana
59873,Montana
59874,Montana
59875,Montana
59901,Montana
59903,Montana
59904,Montana
59910,Montana
59911,Montana
59912,Montana
59913,Montana
59915,Montana
59916,Montana
59917,Montana
59918,Montana
59919,Montana
59920,Montana
59921,Montana
59922,Montana
59923,Montana
59925,Montana
59926,Montana
59927,Montana
59928,Montana
59929,Montana
59930,Montana
59931,Montana
59932,Montana
59933,Montana
59934,Montana
59935,Montana
59936,Montana
59937,Montana
69023,Nebraska
69030,Nebraska
69131,Nebraska
69140,Nebraska
69144,Nebraska
69146,Nebraska
69150,Nebraska
69334,Nebraska
69346,Nebraska
69348,Nebraska
73459,Oklahoma
73528,Oklahoma
73660,Oklahoma
73661,Oklahoma
73946,Oklahoma
73947,Oklahoma
74046,Oklahoma
74727,Oklahoma
74737,Oklahoma
74752,Oklahoma
76238,Texas
76271,Texas
76363,Texas
76371,Texas
76429,Texas
76824,Texas
76841,Texas
76858,Texas
76859,Texas
76930,Texas
76950,Texas
78591,Texas
78946,Texas
78949,Texas
79046,Texas
79056,Texas
79248,Texas
79502,Texas
79505,Texas
79830,Texas
79831,Texas
79832,Texas
79834,Texas
79842,Texas
79843,Texas
79845,Texas
79846,Texas
79848,Texas
79852,Texas
80423,Colorado
80426,Colorado
80428,Colorado
80463,Colorado
80467,Colorado
80469,Colorado
80479,Colorado
80483,Colorado
80732,Colorado
80862,Colorado
81021,Colorado
81027,Colorado
81029,Colorado
81041,Colorado
81043,Colorado
81046,Colorado
81047,Colorado
81049,Colorado
81064,Colorado
81084,Colorado
81087,Colorado
81090,Colorado
81091,Colorado
81120,Colorado
81124,Colorado
81130,Colorado
81131,Colorado
81132,Colorado
81135,Colorado
81138,Colorado
81140,Colorado
81141,Colorado
81148,Colorado
81151,Colorado
81154,Colorado
81228,Colorado
81235,Colorado
81237,Colorado
81239,Colorado
81248,Colorado
81426,Colorado
81431,Colorado
81433,Colorado
81522,Colorado
81623,Colorado
81624,Colorado
81640,Colorado
81643,Colorado
81645,Colorado
81646,Colorado
81649,Colorado
81653,Colorado
81654,Colorado
81655,Colorado
82010,Wyoming
82050,Wyoming
82051,Wyoming
82058,Wyoming
82061,Wyoming
82063,Wyoming
82190,Wyoming
82219,Wyoming
82224,Wyoming
82227,Wyoming
82242,Wyoming
82243,Wyoming
82324,Wyoming
82327,Wyoming
82329,Wyoming
82335,Wyoming
82336,Wyoming
82411,Wyoming
82412,Wyoming
82414,Wyoming
82422,Wyoming
82423,Wyoming
82428,Wyoming
82430,Wyoming
82431,Wyoming
82433,Wyoming
82434,Wyoming
82440,Wyoming
82441,Wyoming
82442,Wyoming
82450,Wyoming
82513,Wyoming
82523,Wyoming
82639,Wyoming
82710,Wyoming
82711,Wyoming
82714,Wyoming
82715,Wyoming
82720,Wyoming
82725,Wyoming
82727,Wyoming
82731,Wyoming
82831,Wyoming
82832,Wyoming
82833,Wyoming
82835,Wyoming
82836,Wyoming
82837,Wyoming
82839,Wyoming
82842,Wyoming
82844,Wyoming
82845,Wyoming
82901,Wyoming
82902,Wyoming
82922,Wyoming
82923,Wyoming
82929,Wyoming
82930,Wyoming
82932,Wyoming
82933,Wyoming
82934,Wyoming
82935,Wyoming
82936,Wyoming
82937,Wyoming
82939,Wyoming
82942,Wyoming
82943,Wyoming
82944,Wyoming
82945,Wyoming
83001,Wyoming
83002,Wyoming
83011,Wyoming
83012,Wyoming
83013,Wyoming
83014,Wyoming
83025,Wyoming
83101,Wyoming
83110,Wyoming
83111,Wyoming
83112,Wyoming
83113,Wyoming
83114,Wyoming
83115,Wyoming
83116,Wyoming
83118,Wyoming
83119,Wyoming
83120,Wyoming
83123,Wyoming
83124,Wyoming
83126,Wyoming
83127,Wyoming
83128,Wyoming
83201,Idaho
83202,Idaho
83203,Idaho
83204,Idaho
83205,Idaho
83206,Idaho
83209,Idaho
83210,Idaho
83211,Idaho
83212,Idaho
83213,Idaho
83214,Idaho
83215,Idaho
83217,Idaho
83218,Idaho
83220,Idaho
83221,Idaho
83223,Idaho
83226,Idaho
83227,Idaho
83228,Idaho
83229,Idaho
83232,Idaho
83233,Idaho
83234,Idaho
83235,Idaho
83236,Idaho
83237,Idaho
83238,Idaho
83241,Idaho
83243,Idaho
83244,Idaho
83245,Idaho
83246,Idaho
83250,Idaho
83251,Idaho
83252,Idaho
83253,Idaho
83254,Idaho
83255,Idaho
83256,Idaho
83261,Idaho
83262,Idaho
83263,Idaho
83271,Idaho
83272,Idaho
83274,Idaho
83276,Idaho
83277,Idaho
83278,Idaho
83281,Idaho
83283,Idaho
83285,Idaho
83286,Idaho
83287,Idaho
83301,Idaho
83302,Idaho
83303,Idaho
83311,Idaho
83312,Idaho
83313,Idaho
83314,Idaho
83316,Idaho
83318,Idaho
83320,Idaho
83321,Idaho
83322,Idaho
83323,Idaho
83324,Idaho
83325,Idaho
83327,Idaho
83328,Idaho
83330,Idaho
83332,Idaho
83333,Idaho
83334,Idaho
83335,Idaho
83336,Idaho
83337,Idaho
83338,Idaho
83340,Idaho
83341,Idaho
83342,Utah
83343,Idaho
83344,Idaho
83346,Idaho
83347,Idaho
83348,Idaho
83349,Idaho
83350,Idaho
83352,Idaho
83353,Idaho
83354,Idaho
83355,Idaho
83401,Idaho
83402,Idaho
83403,Idaho
83404,Idaho
83405,Idaho
83406,Idaho
83414,Wyoming
83415,Idaho
83420,Idaho
83421,Idaho
83422,Idaho
83423,Idaho
83424,Idaho
83425,Idaho
83427,Idaho
83428,Idaho
83429,Idaho
83431,Idaho
83433,Idaho
83434,Idaho
83435,Idaho
83436,Idaho
83438,Idaho
83440,Idaho
83441,Idaho
83442,Idaho
83443,Idaho
83444,Idaho
83445,Idaho
83446,Idaho
83448,Idaho
83449,Idaho
83450,Idaho
83451,Idaho
83452,Idaho
83454,Idaho
83455,Idaho
83460,Idaho
83462,Idaho
83463,Idaho
83464,Idaho
83465,Idaho
83466,Idaho
83467,Idaho
83468,Idaho
83469,Idaho
83546,Idaho
83547,Idaho
83549,Idaho
83602,Idaho
83604,Idaho
83605,Idaho
83606,Idaho
83607,Idaho
83610,Idaho
83611,Idaho
83612,Idaho
83615,Idaho
83616,Idaho
83617,Idaho
83619,Idaho
83622,Idaho
83623,Idaho
83624,Idaho
83626,Idaho
83627,Idaho
83628,Idaho
83629,Idaho
83630,Idaho
83631,Idaho
83632,Idaho
83633,Idaho
83634,Idaho
83635,Idaho
83636,Idaho
83637,Idaho
83638,Idaho
83639,Idaho
83641,Idaho
83642,Idaho
83643,Idaho
83644,Idaho
83645,Idaho
83646,Idaho
83647,Idaho
83648,Idaho
83650,Idaho
83651,Idaho
83652,Idaho
83653,Idaho
83654,Idaho
83655,Idaho
83656,Idaho
83657,Idaho
83660,Idaho
83661,Idaho
83666,Idaho
83669,Idaho
83670,Idaho
83672,Idaho
83676,Idaho
83677,Idaho
83680,Idaho
83686,Idaho
83687,Idaho
83701,Idaho
83702,Idaho
83703,Idaho
83704,Idaho
83705,Idaho
83706,Idaho
83707,Idaho
83708,Idaho
83709,Idaho
83711,Idaho
83712,Idaho
83713,Idaho
83714,Idaho
83715,Idaho
83716,Idaho
83717,Idaho
83720,Idaho
83722,Idaho
83724,Idaho
83725,Idaho
83726,Idaho
83728,Idaho
83729,Idaho
83732,Idaho
83735,Idaho
83756,Idaho
83799,Idaho
83866,Idaho
84001,Utah
84002,Utah
84007,Utah
84008,Utah
84013,Utah
84021,Utah
84022,Utah
84023,Utah
84026,Utah
84027,Utah
84028,Utah
84031,Utah
84032,Utah
84034,Utah
84035,Utah
84038,Utah
84039,Utah
84046,Utah
84051,Utah
84052,Utah
84053,Utah
84061,Utah
84063,Utah
84064,Utah
84066,Utah
84069,Utah
84071,Utah
84072,Utah
84073,Utah
84076,Utah
84078,Utah
84079,Utah
84080,Utah
84083,Utah
84085,Utah
84086,Utah
84301,Utah
84304,Utah
84305,Utah
84306,Utah
84307,Utah
84308,Utah
84309,Utah
84311,Utah
84312,Utah
84313,Utah
84314,Utah
84316,Utah
84318,Utah
84320,Utah
84327,Utah
84329,Utah
84330,Utah
84331,Utah
84332,Utah
84333,Utah
84335,Utah
84336,Utah
84337,Utah
84338,Utah
84339,Utah
84501,Utah
84510,Utah
84511,Utah
84512,Utah
84513,Utah
84515,Utah
84516,Utah
84518,Utah
84520,Utah
84521,Utah
84522,Utah
84523,Utah
84525,Utah
84526,Utah
84528,Utah
84529,Utah
84530,Utah
84531,Utah
84532,Utah
84533,Utah
84534,Utah
84535,Utah
84536,Utah
84537,Utah
84539,Utah
84540,Utah
84542,Utah
84620,Utah
84621,Utah
84622,Utah
84623,Utah
84624,Utah
84626,Utah
84627,Utah
84628,Utah
84629,Utah
84630,Utah
84631,Utah
84632,Utah
84633,Utah
84634,Utah
84635,Utah
84636,Utah
84637,Utah
84638,Utah
84639,Utah
84640,Utah
84642,Utah
84643,Utah
84644,Utah
84645,Utah
84646,Utah
84647,Utah
84648,Utah
84649,Utah
84652,Utah
84654,Utah
84656,Utah
84657,Utah
84662,Utah
84665,Utah
84667,Utah
84701,Utah
84710,Utah
84711,Utah
84712,Utah
84713,Utah
84716,Utah
84724,Utah
84728,Utah
84729,Utah
84737,Utah
84741,Utah
84753,Utah
84755,Utah
84758,Utah
84773,Utah
85328,Arizona
85362,Arizona
85541,Arizona
85553,Arizona
85554,Arizona
85619,Arizona
85633,Arizona
85634,Arizona
85639,Arizona
85920,Arizona
85922,Arizona
85932,Arizona
85936,Arizona
85942,Arizona
86016,Arizona
86020,Arizona
86022,Arizona
86023,Arizona
86030,Arizona
86031,Arizona
86033,Arizona
86034,Arizona
86036,Arizona
86039,Arizona
86042,Arizona
86043,Arizona
86044,Arizona
86052,Arizona
86053,Arizona
86054,Arizona
86331,Arizona
86332,Arizona
86342,Arizona
86343,Arizona
86411,Arizona
86431,Arizona
86434,Arizona
86437,Arizona
86441,Arizona
86443,Arizona
86444,Arizona
86502,Arizona
86503,Arizona
86504,Arizona
86506,Arizona
86507,Arizona
86511,Arizona
86512,Arizona
86514,Arizona
86515,Arizona
86520,Arizona
86535,Arizona
86538,Arizona
86544,Arizona
86545,Arizona
86547,Arizona
88020,New Mexico
88040,New Mexico
88301,New Mexico
89001,Nevada
89003,Nevada
89008,Nevada
89010,Nevada
89013,Nevada
89017,Nevada
89018,Nevada
89020,Nevada
89022,Nevada
89023,Nevada
89025,Nevada
89040,Nevada
89042,Nevada
89043,Nevada
89047,Nevada
89049,Nevada
89070,Nevada
89301,Nevada
89311,Nevada
89314,Nevada
89315,Nevada
89316,Nevada
89317,Nevada
89318,Nevada
89319,Nevada
89427,Nevada
89801,Nevada
89802,Nevada
89803,Nevada
89815,Nevada
89821,Nevada
89822,Nevada
89823,Nevada
89825,Nevada
89826,Nevada
89828,Nevada
89830,Nevada
89831,Nevada
89832,Nevada
89833,Nevada
89834,Nevada
89835,Nevada
89883,Nevada
90704,California
91948,California
91963,California
92004,California
92028,California
92036,California
92060,California
92066,California
92068,California
92088,California
92257,California
92281,California
92283,California
92328,California
92332,California
92363,California
92366,California
93453,California
93920,California
93924,California
93954,California
94020,California
94037,California
94920,California
95005,California
95006,California
95017,California
95018,California
95043,California
95075,California
95223,California
95631,California
95633,California
95634,California
95636,California
95637,California
95645,California
95651,California
95656,California
95664,California
95666,California
95675,California
95676,California
95679,California
95684,California
95701,California
95713,California
95715,California
95717,California
95720,California
95722,California
95726,California
95735,California
95910,California
95912,California
95914,California
95918,California
95919,California
95922,California
95925,California
95930,California
95935,California
95936,California
95944,California
95945,California
95946,California
95949,California
95950,California
95959,California
95960,California
95962,California
95970,California
95972,California
95975,California
95977,California
95979,California
95981,California
95982,California
95986,California
96014,California
96017,California
96023,California
96024,California
96025,California
96027,California
96029,California
96031,California
96033,California
96037,California
96039,California
96041,California
96046,California
96047,California
96048,California
96050,California
96052,California
96057,California
96058,California
96059,California
96061,California
96062,California
96063,California
96065,California
96069,California
96070,California
96071,California
96074,California
96075,California
96076,California
96084,California
96085,California
96086,California
96088,California
96089,California
96091,California
96093,California
96095,California
96096,California
96105,California
96125,California
96134,California
97001,Oregon
97406,Oregon
97411,Oregon
97416,Oregon
97458,Oregon
97466,Oregon
97476,Oregon
97604,Oregon
97620,Oregon
97630,Oregon
97635,Oregon
97636,Oregon
97638,Oregon
97640,Oregon
97641,Oregon
97711,Oregon
97721,Oregon
97731,Oregon
97732,Oregon
97733,Oregon
97735,Oregon
97736,Oregon
97750,Oregon
97817,Oregon
97819,Oregon
97827,Oregon
97830,Oregon
97834,Oregon
97837,Oregon
97840,Oregon
97842,Oregon
97846,Oregon
97848,Oregon
97856,Oregon
97864,Oregon
97870,Oregon
97874,Oregon
97877,Oregon
97884,Oregon
97901,Oregon
97902,Oregon
97903,Oregon
97904,Oregon
97906,Oregon
97907,Oregon
97908,Oregon
97909,Oregon
97910,Idaho
97911,Oregon
97913,Oregon
97914,Oregon
97917,Oregon
97918,Oregon
97920,Oregon
98022,Washington
98045,Washington
98068,Washington
98070,Washington
98220,Washington
98221,Washington
98223,Washington
98224,Washington
98237,Washington
98241,Washington
98243,Washington
98244,Washington
98245,Washington
98250,Washington
98252,Washington
98255,Washington
98256,Washington
98261,Washington
98262,Washington
98263,Washington
98266,Washington
98267,Washington
98279,Washington
98280,Washington
98283,Washington
98284,Washington
98286,Washington
98288,Washington
98297,Washington
98303,Washington
98304,Washington
98336,Washington
98361,Washington
98524,Washington
98526,Washington
98527,Washington
98535,Washington
98536,Washington
98538,Washington
98539,Washington
98546,Washington
98547,Washington
98548,Washington
98552,Washington
98554,Washington
98555,Washington
98560,Washington
98561,Washington
98562,Washington
98566,Washington
98571,Washington
98572,Washington
98575,Washington
98587,Washington
98616,Washington
98859,Washington
99105,Washington
99121,Washington
99126,Washington
99137,Washington
99138,Washington
99140,Washington
99146,Washington
99160,Washington
99356,Washington
99401,Washington
A0E 3B0,Newfoundland and Labrador
A0G 0B3,Newfoundland and Labrador
A0G 0B8,Newfoundland and Labrador
A0G 0C9,Newfoundland and Labrador
A0G 0H5,Newfoundland and Labrador
A0G 0H8,Newfoundland and Labrador
A0G 0J5,Newfoundland and Labrador
A0G 0J8,Newfoundland and Labrador
A0G 1R0,Newfoundland and Labrador
A0G 1W0,Newfoundland and Labrador
A0G 2B0,Newfoundland and Labrador
A0G 2W0,Newfoundland and Labrador
A0G 2X0,Newfoundland and Labrador
A0G 3V0,Newfoundland and Labrador
A0G 3Z0,Newfoundland and Labrador
A0G 4A0,Newfoundland and Labrador
A0G 4B0,Newfoundland and Labrador
A0G 4H0,Newfoundland and Labrador
A0H 0B8,Newfoundland and Labrador
A0H 0C3,Newfoundland and Labrador
A0H 1L0,Newfoundland and Labrador
A0H 1N0,Newfoundland and Labrador
A0H 2C0,Newfoundland and Labrador
A0H 2J0,Newfoundland and Labrador
A0J 0B1,Newfoundland and Labrador
A0J 0B2,Newfoundland and Labrador
A0J 1K0,Newfoundland and Labrador
A0J 1L0,Newfoundland and Labrador
A0J 1N0,Newfoundland and Labrador
A0M 1K0,Newfoundland and Labrador
A0N 0A6,Newfoundland and Labrador
A0N 0B5,Newfoundland and Labrador
A0N 2K0,Newfoundland and Labrador
A0N 2L0,Newfoundland and Labrador
A0P 0A1,Newfoundland and Labrador
A0P 0A2,Newfoundland and Labrador
A0P 0A4,Newfoundland and Labrador
A0P 0A6,Newfoundland and Labrador
A0P 0A7,Newfoundland and Labrador
A0P 0A8,Newfoundland and Labrador
A0P 0A9,Newfoundland and Labrador
A0P 0B1,Newfoundland and Labrador
A0P 1A0,Newfoundland and Labrador
A0P 1G0,Newfoundland and Labrador
A0P 1J0,Newfoundland and Labrador
A0P 1K0,Newfoundland and Labrador
A0P 1L0,Newfoundland and Labrador
A0P 1M0,Newfoundland and Labrador
A0P 1N0,Newfoundland and Labrador
A0P 1P0,Newfoundland and Labrador
B0C 1E0,Nova Scotia
B0K 1J0,Nova Scotia
G0G 0A2,Quebec
G0G 0A3,Quebec
G0G 0A4,Quebec
G0G 0A6,Quebec
G0G 0A7,Quebec
G0G 0A9,Quebec
G0G 0B3,Quebec
G0G 0B4,Quebec
G0G 0B5,Quebec
G0G 0B7,Quebec
G0G 0B8,Quebec
G0G 0B9,Quebec
G0G 0C1,Quebec
G0G 0C5,Quebec
G0G 0C6,Quebec
G0G 0C7,Quebec
G0G 0C8,Quebec
G0G 1C0,Quebec
G0G 1E0,Quebec
G0G 1G0,Quebec
G0G 1J0,Quebec
G0G 1M0,Quebec
G0G 1N0,Quebec
G0G 1S0,Quebec
G0G 1T0,Quebec
G0G 1W0,Quebec
G0G 1Z0,Quebec
G0G 2C0,Quebec
G0G 2G0,Quebec
G0G 2P0,Quebec
G0G 2R0,Quebec
G0G 2T0,Quebec
G0G 2W0,Quebec
G0G 2Y0,Quebec
G0G 2Z0,Quebec
G0W 0A4,Quebec
G0W 0C2,Quebec
G0W 0C7,Quebec
G0W 1C0,Quebec
G0W 3B0,Quebec
G0W 3C0,Quebec
G0X 0E5,Quebec
G0X 0E9,Quebec
G0X 3M0,Quebec
G0X 3P0,Quebec
G0X 3R0,Quebec
G4T 0A1,Quebec
G4T 0A2,Quebec
G4T 0A3,Quebec
G4T 0A4,Quebec
G4T 0A5,Quebec
G4T 0A6,Quebec
G4T 0A7,Quebec
G4T 0A8,Quebec
G4T 0A9,Quebec
G4T 0B1,Quebec
G4T 0B2,Quebec
G4T 0B3,Quebec
G4T 0B4,Quebec
G4T 0B5,Quebec
G4T 0B6,Quebec
G4T 0B7,Quebec
G4T 0B8,Quebec
G4T 0B9,Quebec
G4T 0C1,Quebec
G4T 0C2,Quebec
G4T 0C3,Quebec
G4T 0C4,Quebec
G4T 0C5,Quebec
G4T 0C6,Quebec
G4T 0C7,Quebec
G4T 0C8,Quebec
G4T 0C9,Quebec
G4T 0E1,Quebec
G4T 0E2,Quebec
G4T 0E3,Quebec
G4T 0E4,Quebec
G4T 0E5,Quebec
G4T 0E6,Quebec
G4T 0E7,Quebec
G4T 0E8,Quebec
G4T 0E9,Quebec
G4T 0G1,Quebec
G4T 0G2,Quebec
G4T 0G3,Quebec
G4T 0G4,Quebec
G4T 0G5,Quebec
G4T 0G6,Quebec
G4T 0G7,Quebec
G4T 0G8,Quebec
G4T 0G9,Quebec
G4T 0H1,Quebec
G4T 0H2,Quebec
G4T 0H3,Quebec
G4T 0H4,Quebec
G4T 0H5,Quebec
G4T 0H6,Quebec
G4T 0H7,Quebec
G4T 0H8,Quebec
G4T 0H9,Quebec
G4T 0J1,Quebec
G4T 0J2,Quebec
G4T 0J3,Quebec
G4T 0J4,Quebec
G4T 0J5,Quebec
G4T 0J6,Quebec
G4T 0J7,Quebec
G4T 0J8,Quebec
G4T 0J9,Quebec
G4T 0K1,Quebec
G4T 0K2,Quebec
G4T 0K3,Quebec
G4T 0K4,Quebec
G4T 0K5,Quebec
G4T 0K6,Quebec
G4T 0K7,Quebec
G4T 0K8,Quebec
G4T 0K9,Quebec
G4T 0L1,Quebec
G4T 0L2,Quebec
G4T 0L3,Quebec
G4T 0L4,Quebec
G4T 0L5,Quebec
G4T 0L6,Quebec
G4T 0L7,Quebec
G4T 0L8,Quebec
G4T 1A1,Quebec
G4T 1A2,Quebec
G4T 1A3,Quebec
G4T 1A4,Quebec
G4T 1A5,Quebec
G4T 1A6,Quebec
G4T 1A7,Quebec
G4T 1A8,Quebec
G4T 1A9,Quebec
G4T 1B1,Quebec
G4T 1B2,Quebec
G4T 1B3,Quebec
G4T 1B4,Quebec
G4T 1B5,Quebec
G4T 1B6,Quebec
G4T 1B7,Quebec
G4T 1B8,Quebec
G4T 1B9,Quebec
G4T 1C1,Quebec
G4T 1C2,Quebec
G4T 1C3,Quebec
G4T 1C4,Quebec
G4T 1C5,Quebec
G4T 1C6,Quebec
G4T 1C7,Quebec
G4T 1C8,Quebec
G4T 1C9,Quebec
G4T 1E1,Quebec
G4T 1E2,Quebec
G4T 1E3,Quebec
G4T 1E4,Quebec
G4T 1E5,Quebec
G4T 1E6,Quebec
G4T 1E7,Quebec
G4T 1E8,Quebec
G4T 1E9,Quebec
G4T 1G1,Quebec
G4T 1G2,Quebec
G4T 1G3,Quebec
G4T 1G4,Quebec
G4T 1G5,Quebec
G4T 1G6,Quebec
G4T 1G7,Quebec
G4T 1G8,Quebec
G4T 1G9,Quebec
G4T 1H1,Quebec
G4T 1H2,Quebec
G4T 1H3,Quebec
G4T 1H4,Quebec
G4T 1H5,Quebec
G4T 1H6,Quebec
G4T 1H7,Quebec
G4T 1H8,Quebec
G4T 1H9,Quebec
G4T 1J1,Quebec
G4T 1J2,Quebec
G4T 1J3,Quebec
G4T 1J4,Quebec
G4T 1J5,Quebec
G4T 1J6,Quebec
G4T 1J7,Quebec
G4T 1J8,Quebec
G4T 1J9,Quebec
G4T 1K1,Quebec
G4T 1K2,Quebec
G4T 1K3,Quebec
G4T 1K4,Quebec
G4T 1K5,Quebec
G4T 1K6,Quebec
G4T 1K7,Quebec
G4T 1K8,Quebec
G4T 1K9,Quebec
G4T 1L1,Quebec
G4T 1L2,Quebec
G4T 1L3,Quebec
G4T 1L4,Quebec
G4T 1L5,Quebec
G4T 1L6,Quebec
G4T 1L7,Quebec
G4T 1L8,Quebec
G4T 1L9,Quebec
G4T 1M1,Quebec
G4T 1M2,Quebec
G4T 1M3,Quebec
G4T 1M4,Quebec
G4T 1M5,Quebec
G4T 1M6,Quebec
G4T 1M7,Quebec
G4T 1M8,Quebec
G4T 1M9,Quebec
G4T 1N1,Quebec
G4T 1N2,Quebec
G4T 1N3,Quebec
G4T 1N4,Quebec
G4T 1N5,Quebec
G4T 1N6,Quebec
G4T 1N7,Quebec
G4T 1N8,Quebec
G4T 1N9,Quebec
G4T 1P1,Quebec
G4T 1P2,Quebec
G4T 1P3,Quebec
G4T 1P4,Quebec
G4T 1P5,Quebec
G4T 1P6,Quebec
G4T 1P7,Quebec
G4T 1P8,Quebec
G4T 1P9,Quebec
G4T 1R1,Quebec
G4T 1R2,Quebec
G4T 1R3,Quebec
G4T 1R4,Quebec
G4T 1R6,Quebec
G4T 1R7,Quebec
G4T 1R8,Quebec
G4T 1R9,Quebec
G4T 1S1,Quebec
G4T 1S2,Quebec
G4T 1S3,Quebec
G4T 1S4,Quebec
G4T 1S5,Quebec
G4T 1S6,Quebec
G4T 1S7,Quebec
G4T 1S8,Quebec
G4T 1Z1,Quebec
G4T 1Z2,Quebec
G4T 1Z3,Quebec
G4T 1Z4,Quebec
G4T 1Z5,Quebec
G4T 1Z6,Quebec
G4T 1Z7,Quebec
G4T 1Z8,Quebec
G4T 1Z9,Quebec
G4T 2A1,Quebec
G4T 2A2,Quebec
G4T 2A3,Quebec
G4T 2A4,Quebec
G4T 2A5,Quebec
G4T 2A6,Quebec
G4T 2A7,Quebec
G4T 2A8,Quebec
G4T 2A9,Quebec
G4T 2B1,Quebec
G4T 2B2,Quebec
G4T 2B3,Quebec
G4T 2B4,Quebec
G4T 2B5,Quebec
G4T 2B6,Quebec
G4T 2B7,Quebec
G4T 2B8,Quebec
G4T 2B9,Quebec
G4T 2C1,Quebec
G4T 2C2,Quebec
G4T 2C3,Quebec
G4T 2C4,Quebec
G4T 2C5,Quebec
G4T 2C6,Quebec
G4T 2C7,Quebec
G4T 2C8,Quebec
G4T 2C9,Quebec
G4T 2E1,Quebec
G4T 2E2,Quebec
G4T 2E3,Quebec
G4T 2E4,Quebec
G4T 2E5,Quebec
G4T 2E6,Quebec
G4T 2E7,Quebec
G4T 2E8,Quebec
G4T 2E9,Quebec
G4T 2G1,Quebec
G4T 2G2,Quebec
G4T 2G3,Quebec
G4T 2G4,Quebec
G4T 2G5,Quebec
G4T 2G6,Quebec
G4T 2G7,Quebec
G4T 2G8,Quebec
G4T 2G9,Quebec
G4T 2H1,Quebec
G4T 2H2,Quebec
G4T 2H3,Quebec
G4T 2H4,Quebec
G4T 2H5,Quebec
G4T 2H6,Quebec
G4T 2H7,Quebec
G4T 2H8,Quebec
G4T 2H9,Quebec
G4T 2J1,Quebec
G4T 2J2,Quebec
G4T 2J3,Quebec
G4T 2J4,Quebec
G4T 2J5,Quebec
G4T 2J6,Quebec
G4T 2J7,Quebec
G4T 2J8,Quebec
G4T 2J9,Quebec
G4T 2K1,Quebec
G4T 2K2,Quebec
G4T 2K3,Quebec
G4T 2K4,Quebec
G4T 2K5,Quebec
G4T 2K6,Quebec
G4T 2K7,Quebec
G4T 2K8,Quebec
G4T 2K9,Quebec
G4T 2L1,Quebec
G4T 2L2,Quebec
G4T 2L3,Quebec
G4T 2L4,Quebec
G4T 2L5,Quebec
G4T 2L6,Quebec
G4T 2L7,Quebec
G4T 2L8,Quebec
G4T 2L9,Quebec
G4T 2M1,Quebec
G4T 2M2,Quebec
G4T 2M3,Quebec
G4T 2M4,Quebec
G4T 2M5,Quebec
G4T 2M6,Quebec
G4T 2M7,Quebec
G4T 2M8,Quebec
G4T 2M9,Quebec
G4T 2N1,Quebec
G4T 2N2,Quebec
G4T 2N3,Quebec
G4T 2N4,Quebec
G4T 2N5,Quebec
G4T 2N6,Quebec
G4T 2N7,Quebec
G4T 2N8,Quebec
G4T 2N9,Quebec
G4T 2P1,Quebec
G4T 2P2,Quebec
G4T 2P3,Quebec
G4T 2P4,Quebec
G4T 2P5,Quebec
G4T 2P6,Quebec
G4T 2P7,Quebec
G4T 2P8,Quebec
G4T 2P9,Quebec
G4T 2R1,Quebec
G4T 2R2,Quebec
G4T 2R3,Quebec
G4T 2R4,Quebec
G4T 2R5,Quebec
G4T 2R6,Quebec
G4T 2R7,Quebec
G4T 2R8,Quebec
G4T 2R9,Quebec
G4T 2S1,Quebec
G4T 2S2,Quebec
G4T 2S3,Quebec
G4T 2S4,Quebec
G4T 2S5,Quebec
G4T 2S6,Quebec
G4T 2S7,Quebec
G4T 2S8,Quebec
G4T 2S9,Quebec
G4T 2T1,Quebec
G4T 2T2,Quebec
G4T 2T3,Quebec
G4T 2T4,Quebec
G4T 2T5,Quebec
G4T 2T6,Quebec
G4T 2T7,Quebec
G4T 2T8,Quebec
G4T 2T9,Quebec
G4T 2V1,Quebec
G4T 2V2,Quebec
G4T 2V3,Quebec
G4T 2V4,Quebec
G4T 2V5,Quebec
G4T 2V6,Quebec
G4T 2V7,Quebec
G4T 2V8,Quebec
G4T 2V9,Quebec
G4T 2W1,Quebec
G4T 2W2,Quebec
G4T 2W3,Quebec
G4T 2W4,Quebec
G4T 2W5,Quebec
G4T 2W6,Quebec
G4T 2W7,Quebec
G4T 3A1,Quebec
G4T 3A2,Quebec
G4T 3A3,Quebec
G4T 3A4,Quebec
G4T 3A5,Quebec
G4T 3A6,Quebec
G4T 3A7,Quebec
G4T 3A8,Quebec
G4T 3A9,Quebec
G4T 3B1,Quebec
G4T 3B2,Quebec
G4T 3B3,Quebec
G4T 3B4,Quebec
G4T 3B5,Quebec
G4T 3B6,Quebec
G4T 3B8,Quebec
G4T 3B9,Quebec
G4T 3C1,Quebec
G4T 3C2,Quebec
G4T 3C3,Quebec
G4T 3C4,Quebec
G4T 3C5,Quebec
G4T 3C6,Quebec
G4T 3C7,Quebec
G4T 3C8,Quebec
G4T 3C9,Quebec
G4T 3E1,Quebec
G4T 3E2,Quebec
G4T 3E3,Quebec
G4T 3E4,Quebec
G4T 3E5,Quebec
G4T 3E6,Quebec
G4T 3E7,Quebec
G4T 3E8,Quebec
G4T 3E9,Quebec
G4T 3G1,Quebec
G4T 3G2,Quebec
G4T 3G3,Quebec
G4T 3G4,Quebec
G4T 3G5,Quebec
G4T 3G6,Quebec
G4T 3G7,Quebec
G4T 3G8,Quebec
G4T 3G9,Quebec
G4T 3H1,Quebec
G4T 3H2,Quebec
G4T 3H3,Quebec
G4T 3H4,Quebec
G4T 3H5,Quebec
G4T 3H6,Quebec
G4T 3H7,Quebec
G4T 3H8,Quebec
G4T 3H9,Quebec
G4T 3J1,Quebec
G4T 3J2,Quebec
G4T 3J3,Quebec
G4T 3J4,Quebec
G4T 3J5,Quebec
G4T 3J6,Quebec
G4T 3J7,Quebec
G4T 3J8,Quebec
G4T 3J9,Quebec
G4T 3K1,Quebec
G4T 3K2,Quebec
G4T 3K3,Quebec
G4T 3K4,Quebec
G4T 3K5,Quebec
G4T 3K6,Quebec
G4T 3K7,Quebec
G4T 3K8,Quebec
G4T 3K9,Quebec
G4T 3L1,Quebec
G4T 3L2,Quebec
G4T 3L3,Quebec
G4T 3L4,Quebec
G4T 3L5,Quebec
G4T 3L6,Quebec
G4T 3L7,Quebec
G4T 3L8,Quebec
G4T 3L9,Quebec
G4T 3M1,Quebec
G4T 3M2,Quebec
G4T 3M3,Quebec
G4T 3M4,Quebec
G4T 3M5,Quebec
G4T 3M6,Quebec
G4T 3M7,Quebec
G4T 3M8,Quebec
G4T 3M9,Quebec
G4T 3N1,Quebec
G4T 3N2,Quebec
G4T 3N3,Quebec
G4T 3N4,Quebec
G4T 3N5,Quebec
G4T 3N6,Quebec
G4T 3N7,Quebec
G4T 3N8,Quebec
G4T 3N9,Quebec
G4T 3P1,Quebec
G4T 3P2,Quebec
G4T 3P3,Quebec
G4T 3P4,Quebec
G4T 3P5,Quebec
G4T 3P6,Quebec
G4T 3P7,Quebec
G4T 3P8,Quebec
G4T 3P9,Quebec
G4T 3R1,Quebec
G4T 3R2,Quebec
G4T 3R3,Quebec
G4T 3R4,Quebec
G4T 3R5,Quebec
G4T 3R6,Quebec
G4T 3R7,Quebec
G4T 3R8,Quebec
G4T 3R9,Quebec
G4T 3S1,Quebec
G4T 3S2,Quebec
G4T 3S3,Quebec
G4T 3S4,Quebec
G4T 3S5,Quebec
G4T 3S6,Quebec
G4T 3S7,Quebec
G4T 3S8,Quebec
G4T 3S9,Quebec
G4T 3T1,Quebec
G4T 3T2,Quebec
G4T 3T3,Quebec
G4T 3T4,Quebec
G4T 3T5,Quebec
G4T 3T6,Quebec
G4T 3T7,Quebec
G4T 3T8,Quebec
G4T 3T9,Quebec
G4T 3V1,Quebec
G4T 3V2,Quebec
G4T 3V3,Quebec
G4T 3V4,Quebec
G4T 3V5,Quebec
G4T 3V6,Quebec
G4T 3V7,Quebec
G4T 3V8,Quebec
G4T 3V9,Quebec
G4T 3W1,Quebec
G4T 3W2,Quebec
G4T 3W3,Quebec
G4T 3W4,Quebec
G4T 3W5,Quebec
G4T 3W6,Quebec
G4T 3W7,Quebec
G4T 3W8,Quebec
G4T 3W9,Quebec
G4T 3X1,Quebec
G4T 3X2,Quebec
G4T 3X3,Quebec
G4T 3X4,Quebec
G4T 3X5,Quebec
G4T 3X6,Quebec
G4T 3X7,Quebec
G4T 3X8,Quebec
G4T 3X9,Quebec
G4T 3Y1,Quebec
G4T 3Y2,Quebec
G4T 3Y3,Quebec
G4T 3Y4,Quebec
G4T 3Y5,Quebec
G4T 3Y6,Quebec
G4T 3Y7,Quebec
G4T 3Y8,Quebec
G4T 3Y9,Quebec
G4T 3Z1,Quebec
G4T 3Z2,Quebec
G4T 3Z3,Quebec
G4T 3Z4,Quebec
G4T 3Z5,Quebec
G4T 3Z6,Quebec
G4T 3Z8,Quebec
G4T 3Z9,Quebec
G4T 4A1,Quebec
G4T 5A1,Quebec
G4T 5A2,Quebec
G4T 5A3,Quebec
G4T 5A4,Quebec
G4T 5A5,Quebec
G4T 5A6,Quebec
G4T 5A7,Quebec
G4T 5A8,Quebec
G4T 5A9,Quebec
G4T 5B1,Quebec
G4T 5B2,Quebec
G4T 5B3,Quebec
G4T 5B4,Quebec
G4T 5B5,Quebec
G4T 5B6,Quebec
G4T 5B7,Quebec
G4T 5B8,Quebec
G4T 5B9,Quebec
G4T 5C1,Quebec
G4T 5C2,Quebec
G4T 5C3,Quebec
G4T 5C4,Quebec
G4T 5C5,Quebec
G4T 5C6,Quebec
G4T 5C7,Quebec
G4T 5C8,Quebec
G4T 5C9,Quebec
G4T 5E1,Quebec
G4T 5E2,Quebec
G4T 5E3,Quebec
G4T 5E4,Quebec
G4T 5E5,Quebec
G4T 5E6,Quebec
G4T 5E7,Quebec
G4T 5E8,Quebec
G4T 5E9,Quebec
G4T 5G1,Quebec
G4T 5G2,Quebec
G4T 5G3,Quebec
G4T 5G4,Quebec
G4T 5G5,Quebec
G4T 5G6,Quebec
G4T 5G7,Quebec
G4T 5G8,Quebec
G4T 5G9,Quebec
G4T 5H1,Quebec
G4T 5H2,Quebec
G4T 5H3,Quebec
G4T 5H4,Quebec
G4T 5H5,Quebec
G4T 5H6,Quebec
G4T 5H7,Quebec
G4T 5H8,Quebec
G4T 5H9,Quebec
G4T 5J1,Quebec
G4T 5J2,Quebec
G4T 5J3,Quebec
G4T 5J4,Quebec
G4T 5J5,Quebec
G4T 5J6,Quebec
G4T 5J7,Quebec
G4T 5J8,Quebec
G4T 5J9,Quebec
G4T 5K1,Quebec
G4T 5K2,Quebec
G4T 5K3,Quebec
G4T 5K4,Quebec
G4T 5K5,Quebec
G4T 5K6,Quebec
G4T 5K7,Quebec
G4T 5K8,Quebec
G4T 5K9,Quebec
G4T 5L1,Quebec
G4T 5L2,Quebec
G4T 5L3,Quebec
G4T 5L4,Quebec
G4T 5L5,Quebec
G4T 5L6,Quebec
G4T 5L7,Quebec
G4T 5L8,Quebec
G4T 5L9,Quebec
G4T 5M1,Quebec
G4T 5M2,Quebec
G4T 5M3,Quebec
G4T 5M4,Quebec
G4T 5M5,Quebec
G4T 5M6,Quebec
G4T 5M7,Quebec
G4T 5M8,Quebec
G4T 5M9,Quebec
G4T 5N1,Quebec
G4T 5N2,Quebec
G4T 5N3,Quebec
G4T 5N4,Quebec
G4T 5N5,Quebec
G4T 5N6,Quebec
G4T 5N7,Quebec
G4T 5N8,Quebec
G4T 5N9,Quebec
G4T 5P1,Quebec
G4T 5P2,Quebec
G4T 5P3,Quebec
G4T 5P4,Quebec
G4T 5P5,Quebec
G4T 5P6,Quebec
G4T 5P7,Quebec
G4T 6A1,Quebec
G4T 6A2,Quebec
G4T 6A3,Quebec
G4T 6A4,Quebec
G4T 6A5,Quebec
G4T 6A6,Quebec
G4T 6A7,Quebec
G4T 6A8,Quebec
G4T 6A9,Quebec
G4T 6B1,Quebec
G4T 6B2,Quebec
G4T 6B3,Quebec
G4T 6B4,Quebec
G4T 6B5,Quebec
G4T 6B6,Quebec
G4T 6B7,Quebec
G4T 6B8,Quebec
G4T 6B9,Quebec
G4T 6C1,Quebec
G4T 6C2,Quebec
G4T 6C3,Quebec
G4T 6C4,Quebec
G4T 6C5,Quebec
G4T 6C6,Quebec
G4T 6C7,Quebec
G4T 6C8,Quebec
G4T 6C9,Quebec
G4T 6E1,Quebec
G4T 6E2,Quebec
G4T 6E3,Quebec
G4T 6E4,Quebec
G4T 6E5,Quebec
G4T 6E6,Quebec
G4T 6E7,Quebec
G4T 7A1,Quebec
G4T 7A2,Quebec
G4T 7A3,Quebec
G4T 7A4,Quebec
G4T 7A5,Quebec
G4T 7A6,Quebec
G4T 7A7,Quebec
G4T 7A8,Quebec
G4T 7A9,Quebec
G4T 7B1,Quebec
G4T 7B2,Quebec
G4T 7B3,Quebec
G4T 7B4,Quebec
G4T 7B5,Quebec
G4T 7B6,Quebec
G4T 7B7,Quebec
G4T 7B8,Quebec
G4T 7B9,Quebec
G4T 7C1,Quebec
G4T 7C2,Quebec
G4T 7C3,Quebec
G4T 7C4,Quebec
G4T 7C5,Quebec
G4T 7C6,Quebec
G4T 7C7,Quebec
G4T 8A1,Quebec
G4T 8A2,Quebec
G4T 8A3,Quebec
G4T 8A4,Quebec
G4T 8A5,Quebec
G4T 8A6,Quebec
G4T 8A7,Quebec
G4T 8A8,Quebec
G4T 8A9,Quebec
G4T 8B1,Quebec
G4T 8B2,Quebec
G4T 8B3,Quebec
G4T 8B4,Quebec
G4T 9A1,Quebec
G4T 9A2,Quebec
G4T 9A3,Quebec
G4T 9A4,Quebec
G4T 9A5,Quebec
G4T 9A6,Quebec
G4T 9A7,Quebec
G4T 9A8,Quebec
G4T 9B1,Quebec
G4T 9B2,Quebec
G4T 9B3,Quebec
G4T 9B4,Quebec
G4T 9B5,Quebec
G4T 9B6,Quebec
G4T 9B7,Quebec
G4T 9B8,Quebec
G4T 9B9,Quebec
G4T 9C1,Quebec
G4T 9C3,Quebec
G4T 9C4,Quebec
G4T 9C5,Quebec
G4T 9C6,Quebec
G4T 9C7,Quebec
G4T 9C8,Quebec
G4T 9C9,Quebec
G4T 9E1,Quebec
G4T 9E2,Quebec
G4T 9E3,Quebec
G4T 9E4,Quebec
G4T 9E5,Quebec
G4T 9E6,Quebec
G4T 9E7,Quebec
G4T 9E8,Quebec
G4T 9E9,Quebec
G4T 9G1,Quebec
G4T 9G2,Quebec
G4T 9G3,Quebec
G4T 9G4,Quebec
G4T 9G5,Quebec
G4T 9G6,Quebec
G4T 9G7,Quebec
G4T 9G8,Quebec
G4T 9G9,Quebec
G4T 9H2,Quebec
G4T 9H3,Quebec
G4T 9H4,Quebec
G4T 9H5,Quebec
G4T 9H6,Quebec
G4T 9H7,Quebec
G4T 9H8,Quebec
G4T 9H9,Quebec
G4T 9J1,Quebec
G4T 9J2,Quebec
G4T 9J3,Quebec
G4T 9J4,Quebec
G4T 9L2,Quebec
J0M 1A0,Quebec
J0M 1C0,Quebec
J0M 1E0,Quebec
J0M 1G0,Quebec
J0M 1H0,Quebec
J0M 1J0,Quebec
J0M 1K0,Quebec
J0M 1L0,Quebec
J0M 1M0,Quebec
J0M 1N0,Quebec
J0M 1P0,Quebec
J0M 1R0,Quebec
J0M 1S0,Quebec
J0M 1T0,Quebec
J0M 1V0,Quebec
J0M 1W0,Quebec
J0M 1X0,Quebec
J0W 2C0,Quebec
J0Y 0A1,Quebec
J0Y 0A2,Quebec
J0Y 0A5,Quebec
J0Y 2X0,Quebec
J0Y 3B0,Quebec
J0Y 3H0,Quebec
N0R 1M0,Ontario
P0H 1C0,Ontario
P0L 0A2,Ontario
P0L 0A7,Ontario
P0L 0B2,Ontario
P0L 0B4,Ontario
P0L 0B5,Ontario
P0L 1A0,Ontario
P0L 1H0,Ontario
P0L 1S0,Ontario
P0L 1W0,Ontario
P0L 1Y0,Ontario
P0L 2H0,Ontario
P0L 2P0,Ontario
P0M 0B3,Ontario
P0M 1C0,Ontario
P0M 2S0,Ontario
P0M 2X0,Ontario
P0M 2Z0,Ontario
P0T 0A1,Ontario
P0T 0B1,Ontario
P0T 0B2,Ontario
P0T 0C7,Ontario
P0T 0C8,Ontario
P0T 1L0,Ontario
P0T 1P0,Ontario
P0T 1Z0,Ontario
P0T 2L0,Ontario
P0T 3A0,Ontario
P0T 3B0,Ontario
P0T 3E0,Ontario
P0V 0A1,Ontario
P0V 0A3,Ontario
P0V 0A7,Ontario
P0V 0B1,Ontario
P0V 0B4,Ontario
P0V 0B5,Ontario
P0V 0B8,Ontario
P0V 0C5,Ontario
P0V 0C7,Ontario
P0V 1B0,Ontario
P0V 1E0,Ontario
P0V 1G0,Ontario
P0V 1J0,Ontario
P0V 1N0,Ontario
P0V 1V0,Ontario
P0V 1W0,Ontario
P0V 1Y0,Ontario
P0V 1Z0,Ontario
P0V 2A0,Ontario
P0V 2G0,Ontario
P0V 2L0,Ontario
P0V 2P0,Ontario
P0V 2Y0,Ontario
P0V 2Z0,Ontario
P0V 3B0,Ontario
P0V 3C0,Ontario
P0V 3E0,Ontario
P0V 3G0,Ontario
P0X 0A5,Ontario
P0X 1B0,Ontario
P0X 1E0,Ontario
P0X 1P0,Ontario
R0A 0S0,Manitoba
R0B 0A0,Manitoba
R0B 0A1,Manitoba
R0B 0A2,Manitoba
R0B 0A3,Manitoba
R0B 0A4,Manitoba
R0B 0A7,Manitoba
R0B 0A8,Manitoba
R0B 0A9,Manitoba
R0B 0B0,Manitoba
R0B 0B1,Manitoba
R0B 0B2,Manitoba
R0B 0B4,Manitoba
R0B 0B5,Manitoba
R0B 0B6,Manitoba
R0B 0B7,Manitoba
R0B 0B8,Manitoba
R0B 0B9,Manitoba
R0B 0C1,Manitoba
R0B 0C2,Manitoba
R0B 0C3,Manitoba
R0B 0C4,Manitoba
R0B 0C5,Manitoba
R0B 0C6,Manitoba
R0B 0C7,Manitoba
R0B 0C8,Manitoba
R0B 0C9,Manitoba
R0B 0E0,Manitoba
R0B 0E1,Manitoba
R0B 0E2,Manitoba
R0B 0E3,Manitoba
R0B 0E4,Manitoba
R0B 0G0,Manitoba
R0B 0L0,Manitoba
R0B 0M0,Manitoba
R0B 0N0,Manitoba
R0B 0S0,Manitoba
R0B 0T0,Manitoba
R0B 0V0,Manitoba
R0B 0W0,Manitoba
R0B 0Y0,Manitoba
R0B 0Z0,Manitoba
R0B 1A0,Manitoba
R0B 1B0,Manitoba
R0B 1C0,Manitoba
R0B 1E0,Manitoba
R0B 1G0,Manitoba
R0B 1H0,Manitoba
R0B 1J0,Manitoba
R0B 1K0,Manitoba
R0B 1L0,Manitoba
R0B 1M0,Manitoba
R0B 1N0,Manitoba
R0B 1P0,Manitoba
R0B 1R0,Manitoba
R0B 1W0,Manitoba
R0B 1Z0,Manitoba
R0B 2B0,Manitoba
R0B 2C0,Manitoba
R0B 2E0,Manitoba
R0B 2G0,Manitoba
R0B 2H0,Manitoba
R0C 0B9,Manitoba
R0C 0E2,Manitoba
R0C 0G4,Manitoba
R0C 0J0,Manitoba
R0C 0V0,Manitoba
R0C 1V0,Manitoba
R0C 2A0,Manitoba
R0C 2P0,Manitoba
R0C 3K0,Manitoba
R0E 0B1,Manitoba
R0E 0B6,Manitoba
R0E 0C3,Manitoba
R0E 0J0,Manitoba
R0E 1E0,Manitoba
R0E 1K0,Manitoba
R0E 1N0,Manitoba
R0E 2E0,Manitoba
R0J 0L0,Manitoba
R0J 0Z0,Manitoba
R0J 1K0,Manitoba
R0J 1Y0,Manitoba
R0L 0A3,Manitoba
R0L 0A6,Manitoba
R0L 0B5,Manitoba
R0L 0C5,Manitoba
R0L 0E2,Manitoba
R0L 0K0,Manitoba
R0L 0M0,Manitoba
R0L 0R0,Manitoba
R0L 1L0,Manitoba
R0L 1Y0,Manitoba
R0L 2C0,Manitoba
R0L 2K0,Manitoba
S0C 0V0,Saskatchewan
S0E 0A4,Saskatchewan
S0E 0G0,Saskatchewan
S0E 0S0,Saskatchewan
S0H 0G3,Saskatchewan
S0H 1W0,Saskatchewan
S0H 2V0,Saskatchewan
S0H 3M0,Saskatchewan
S0J 0B9,Saskatchewan
S0J 0C2,Saskatchewan
S0J 0C3,Saskatchewan
S0J 0C6,Saskatchewan
S0J 0C9,Saskatchewan
S0J 0E1,Saskatchewan
S0J 0G6,Saskatchewan
S0J 0G8,Saskatchewan
S0J 0H0,Saskatchewan
S0J 0H1,Saskatchewan
S0J 0W0,Saskatchewan
S0J 1S0,Saskatchewan
S0J 1Y0,Saskatchewan
S0J 2B0,Saskatchewan
S0J 2L0,Saskatchewan
S0J 2P0,Saskatchewan
S0J 2R0,Saskatchewan
S0J 2S0,Saskatchewan
S0J 2T0,Saskatchewan
S0J 2W0,Saskatchewan
S0J 3C0,Saskatchewan
S0J 3E0,Saskatchewan
S0K 0A9,Saskatchewan
S0K 0H0,Saskatchewan
S0K 0J8,Saskatchewan
S0K 1L0,Saskatchewan
S0K 1Y0,Saskatchewan
S0K 2C0,Saskatchewan
S0K 3N0,Saskatchewan
S0K 3S0,Saskatchewan
S0K 4B0,Saskatchewan
S0K 4E0,Saskatchewan
S0K 4H0,Saskatchewan
S0L 0B7,Saskatchewan
S0L 0E5,Saskatchewan
S0L 0J0,Saskatchewan
S0L 1Y0,Saskatchewan
S0M 0A1,Saskatchewan
S0M 0A6,Saskatchewan
S0M 0B5,Saskatchewan
S0M 0B6,Saskatchewan
S0M 0B8,Saskatchewan
S0M 0C5,Saskatchewan
S0M 0C6,Saskatchewan
S0M 0G0,Saskatchewan
S0M 0G3,Saskatchewan
S0M 0H0,Saskatchewan
S0M 0K0,Saskatchewan
S0M 0M0,Saskatchewan
S0M 0S0,Saskatchewan
S0M 1G0,Saskatchewan
S0M 2H0,Saskatchewan
S0M 2M0,Saskatchewan
S0M 3B0,Saskatchewan
S0M 3C0,Saskatchewan
S0M 3E0,Saskatchewan
S0M 3G0,Saskatchewan
S0M 3H0,Saskatchewan
S0P 0A0,Saskatchewan
S0P 0B0,Saskatchewan
S0P 0C0,Saskatchewan
S0P 0E0,Saskatchewan
S0P 0G0,Saskatchewan
S0P 0H0,Saskatchewan
S0P 0J0,Saskatchewan
T0A 0A4,Alberta
T0A 0A5,Alberta
T0A 0B5,Alberta
T0A 0B6,Alberta
T0A 0C4,Alberta
T0A 1S0,Alberta
T0A 1S1,Alberta
T0A 1X0,Alberta
T0A 2A0,Alberta
T0A 2B0,Alberta
T0A 2E0,Alberta
T0A 2J0,Alberta
T0A 3G0,Alberta
T0A 3K0,Alberta
T0B 0M0,Alberta
T0C 0R0,Alberta
T0C 0S0,Alberta
T0C 0W0,Alberta
T0C 1W0,Alberta
T0E 0B2,Alberta
T0E 0K0,Alberta
T0E 0L0,Alberta
T0E 1H0,Alberta
T0G 0A5,Alberta
T0G 0K0,Alberta
T0G 2N0,Alberta
T0G 2W0,Alberta
T0H 0B9,Alberta
T0H 0E6,Alberta
T0H 0G6,Alberta
T0H 0N0,Alberta
T0H 0S0,Alberta
T0H 1J0,Alberta
T0H 1R0,Alberta
T0H 2N0,Alberta
T0H 2N1,Alberta
T0H 2N2,Alberta
T0H 3X0,Alberta
T0H 4A0,Alberta
T0J 0A5,Alberta
T0J 0B3,Alberta
T0J 0E7,Alberta
T0J 0K0,Alberta
T0J 0X0,Alberta
T0J 1C0,Alberta
T0J 1H0,Alberta
T0J 1L0,Alberta
T0J 1M0,Alberta
T0J 2G0,Alberta
T0J 2M0,Alberta
T0J 2Z0,Alberta
T0J 3C0,Alberta
T0J 3J0,Alberta
T0K 0A0,Alberta
T0K 0A5,Alberta
T0K 0B4,Alberta
T0K 0B5,Alberta
T0K 0C3,Alberta
T0K 0C5,Alberta
T0K 0C9,Alberta
T0K 0S0,Alberta
T0K 1E0,Alberta
T0K 1L0,Alberta
T0K 1N0,Alberta
T0K 1R0,Alberta
T0K 2J0,Alberta
T0K 2M0,Alberta
T0K 2R0,Alberta
T0L 1Y0,Alberta
T0M 0C6,Alberta
T0M 1L0,Alberta
T0M 2H0,Alberta
T0P 1B0,Alberta
T0P 1C0,Alberta
T0P 1G0,Alberta
T0P 1H0,Alberta
T0P 1H1,Alberta
T0P 1J0,Alberta
T0V 1A0,Alberta
V0B 1R0,British Columbia
V0C 0A7,British Columbia
V0C 0B1,British Columbia
V0C 0B8,British Columbia
V0C 1E0,British Columbia
V0C 1G0,British Columbia
V0C 1K0,British Columbia
V0C 1L0,British Columbia
V0C 1S0,British Columbia
V0C 1Y0,British Columbia
V0C 1Z0,British Columbia
V0C 2A0,British Columbia
V0C 2B0,British Columbia
V0C 2H0,British Columbia
V0C 2R0,British Columbia
V0C 2S0,British Columbia
V0C 2T0,British Columbia
V0C 2V0,British Columbia
V0C 2X0,British Columbia
V0C 2Z0,British Columbia
V0E 1S0,British Columbia
V0G 0B1,British Columbia
V0G 0B5,British Columbia
V0G 1B0,British Columbia
V0G 1N0,British Columbia
V0J 0A2,British Columbia
V0J 0B4,British Columbia
V0J 0B6,British Columbia
V0J 0B7,British Columbia
V0J 0B8,British Columbia
V0J 0C4,British Columbia
V0J 0C5,British Columbia
V0J 1A0,British Columbia
V0J 1H0,British Columbia
V0J 1J0,British Columbia
V0J 1K0,British Columbia
V0J 1R0,British Columbia
V0J 1T0,British Columbia
V0J 1X0,British Columbia
V0J 2B0,British Columbia
V0J 2H0,British Columbia
V0J 2K0,British Columbia
V0J 2P0,British Columbia
V0J 2T0,British Columbia
V0J 2W0,British Columbia
V0J 2Z0,British Columbia
V0J 3B0,British Columbia
V0J 3C0,British Columbia
V0J 3E0,British Columbia
V0J 3J0,British Columbia
V0J 3M0,British Columbia
V0J 3T0,British Columbia
V0K 0B3,British Columbia
V0K 1N0,British Columbia
V0K 1P0,British Columbia
V0L 0A2,British Columbia
V0L 0A3,British Columbia
V0L 0A7,British Columbia
V0L 0A8,British Columbia
V0L 0A9,British Columbia
V0L 0B1,British Columbia
V0L 1A0,British Columbia
V0L 1B0,British Columbia
V0L 1C0,British Columbia
V0L 1H0,British Columbia
V0L 1J0,British Columbia
V0L 1K0,British Columbia
V0L 1M0,British Columbia
V0L 1R0,British Columbia
V0L 1S0,British Columbia
V0L 1T0,British Columbia
V0L 1V0,British Columbia
V0L 1W0,British Columbia
V0L 1X0,British Columbia
V0N 0A6,British Columbia
V0N 0B2,British Columbia
V0N 0E4,British Columbia
V0N 1M0,British Columbia
V0N 1Z0,British Columbia
V0N 2B0,British Columbia
V0N 2V0,British Columbia
V0N 3L0,British Columbia
V0P 0A1,British Columbia
V0P 0A2,British Columbia
V0P 0A4,British Columbia
V0P 1B0,British Columbia
V0P 1J0,British Columbia
V0P 1K0,British Columbia
V0P 1L0,British Columbia
V0P 1P0,British Columbia
V0P 1S0,British Columbia
V0P 1V0,British Columbia
V0P 1W0,British Columbia
V0P 1Z0,British Columbia
V0R 0B3,British Columbia
V0R 0B4,British Columbia
V0R 1A0,British Columbia
V0R 1B0,British Columbia
V0R 2B0,British Columbia
V0R 2J0,British Columbia
V0S 1K0,British Columbia
V0T 1B0,British Columbia
V0T 1C0,British Columbia
V0T 1H0,British Columbia
V0T 1J0,British Columbia
V0T 1L0,British Columbia
V0T 1M0,British Columbia
V0T 1P0,British Columbia
V0T 1R0,British Columbia
V0T 1S0,British Columbia
V0T 1S1,British Columbia
V0T 1T0,British Columbia
V0T 1W0,British Columbia
V0T 1Y0,British Columbia
V0T 1Z0,British Columbia
V0T 2B0,British Columbia
V0V 0A2,British Columbia
V0V 1A0,British Columbia
V0V 1B0,British Columbia
V0V 1C0,British Columbia
V0V 1E0,British Columbia
V0V 1H0,British Columbia
V0W 1A0,British Columbia
X0A 0A0,Nunavut
X0A 0A2,Nunavut
X0A 0A3,Nunavut
X0A 0A4,Nunavut
X0A 0G0,Nunavut
X0A 0J0,Nunavut
X0A 0V0,Nunavut
X0A 0W0,Nunavut
X0B 0C0,Nunavut
X0B 0E0,Nunavut
X0B 1B0,Nunavut
X0B 1J0,Nunavut
X0B 1K0,Nunavut
X0B 2A0,Nunavut
X0C 0A0,Nunavut
X0C 0B0,Nunavut
X0C 0C0,Nunavut
X0C 0E0,Nunavut
X0C 0G0,Nunavut
X0C 0H0,Nunavut
X0C 0J0,Nunavut
X0E 0A0,Northwest Territories
X0E 0B0,Northwest Territories
X0E 0G0,Northwest Territories
X0E 0H0,Northwest Territories
X0E 0J0,Northwest Territories
X0E 0K0,Northwest Territories
X0E 0L0,Northwest Territories
X0E 0M0,Northwest Territories
X0E 0N0,Northwest Territories
X0E 0P0,Northwest Territories
X0E 0R0,Northwest Territories
X0E 0R1,Northwest Territories
X0E 0R2,Northwest Territories
X0E 0R3,Northwest Territories
X0E 0R4,Northwest Territories
X0E 0R5,Northwest Territories
X0E 0R6,Northwest Territories
X0E 0R7,Northwest Territories
X0E 0R8,Northwest Territories
X0E 0R9,Northwest Territories
X0E 0S0,Northwest Territories
X0E 0T0,Northwest Territories
X0E 0V0,Northwest Territories
X0E 0Y0,Northwest Territories
X0E 0Z0,Northwest Territories
X0E 1A0,Northwest Territories
X0E 1C0,Northwest Territories
X0E 1E0,Northwest Territories
X0E 1G1,Northwest Territories
X0E 1G2,Northwest Territories
X0E 1G3,Northwest Territories
X0E 1G4,Northwest Territories
X0E 1G5,Northwest Territories
X0E 1L0,Northwest Territories
X0E 1N0,Northwest Territories
X0E 1P0,Northwest Territories
X0E 1R0,Northwest Territories
X0G 0A0,Northwest Territories
Y0A 1B0,Yukon
Y0A 1C0,Yukon
Y0B 1A0,Yukon
Y0B 1B0,Yukon
Y0B 1C0,Yukon
Y0B 1C1,Yukon
Y0B 1G0,Yukon
Y0B 1H0,Yukon
Y0B 1J0,Yukon
Y0B 1K0,Yukon
Y0B 1L0,Yukon
Y0B 1L1,Yukon
Y0B 1M0,Yukon
Y0B 1M1,Yukon
Y0B 1N0,Yukon
Y0B 1P0,Yukon
Y0B 1S0,Yukon
Y0B 1T0,Yukon
Y0B 1V0,Yukon
Y0B 1Y0,Yukon
Y0B 1Y1,Yukon
Y0B 1Y2,Yukon
