zipcode,state,is remote
123456,US1,true
45678,US1,false
1234,US1,false
11964,New York,true
11965,New York,true
22967,Virginia test,true
36748,Alabama,true
36748,Georgia,true
36782,Alabama,true
36782,Georgia,true
38589,Georgia,true
49726,Michigan,true
54246,Wisconsin,true
58627,North Dakota,true
58634,North Dakota,true
58639,North Dakota,true
58643,North Dakota,true
58644,North Dakota,true
58649,North Dakota,true
58653,North Dakota,true
58711,North Dakota,true
58712,North Dakota,true
58713,North Dakota,true
58722,North Dakota,true
58723,North Dakota,true
58730,North Dakota,true
58731,North Dakota,true
58744,North Dakota,true
58748,North Dakota,true
58758,North Dakota,true
58770,North Dakota,true
58778,North Dakota,true
58781,North Dakota,true
58792,North Dakota,true
58794,North Dakota,true
58795,North Dakota,true
58833,North Dakota,true
58844,North Dakota,true
58845,North Dakota,true
59002,Montana,true
59003,Montana,true
59004,Montana,true
59006,Montana,true
59007,Montana,true
59008,Montana,true
59010,Montana,true
59011,Montana,true
59012,Montana,true
59013,Montana,true
59014,Montana,true
59015,Montana,true
59016,Montana,true
59018,Montana,true
59019,Montana,true
59020,Montana,true
59022,Montana,true
59024,Montana,true
59025,Montana,true
59026,Montana,true
59027,Montana,true
59028,Montana,true
59029,Montana,true
59030,Montana,true
59031,Montana,true
59032,Montana,true
59033,Montana,true
59034,Montana,true
59035,Montana,true
59036,Montana,true
59037,Montana,true
59038,Montana,true
59039,Montana,true
59041,Montana,true
59043,Montana,true
59044,Montana,true
59046,Montana,true
59047,Montana,true
59050,Montana,true
59052,Montana,true
59053,Montana,true
59054,Montana,true
59055,Montana,true
59057,Montana,true
59058,Montana,true
59059,Montana,true
59061,Montana,true
59062,Montana,true
59063,Montana,true
59064,Montana,true
59065,Montana,true
59066,Montana,true
59067,Montana,true
59068,Montana,true
59069,Montana,true
59070,Montana,true
59071,Montana,true
59072,Montana,true
59074,Montana,true
59075,Montana,true
59076,Montana,true
59077,Montana,true
59078,Montana,true
59079,Montana,true
59081,Montana,true
59082,Montana,true
59083,Montana,true
59084,Montana,true
59085,Montana,true
59086,Montana,true
59087,Montana,true
59088,Montana,true
59089,Montana,true
59101,Montana,true
59102,Montana,true
59103,Montana,true
59104,Montana,true
59105,Montana,true
59106,Montana,true
59107,Montana,true
59108,Montana,true
59111,Montana,true
59112,Montana,true
59114,Montana,true
59115,Montana,true
59116,Montana,true
59117,Montana,true
59201,Montana,true
59211,Montana,true
59212,Montana,true
59213,Montana,true
59214,Montana,true
59215,Montana,true
59217,Montana,true
59218,Montana,true
59219,Montana,true
59221,Montana,true
59222,Montana,true
59223,Montana,true
59225,Montana,true
59226,Montana,true
59230,Montana,true
59231,Montana,true
59240,Montana,true
59241,Montana,true
59242,Montana,true
59243,Montana,true
59244,Montana,true
59247,Montana,true
59248,Montana,true
59250,Montana,true
59252,Montana,true
59253,Montana,true
59254,Montana,true
59255,Montana,true
59256,Montana,true
59257,Montana,true
59258,Montana,true
59259,Montana,true
59260,Montana,true
59261,Montana,true
59262,Montana,true
59263,Montana,true
59270,Montana,true
59273,Montana,true
59274,Montana,true
59276,Montana,true
59301,Montana,true
59311,Montana,true
59312,Montana,true
59313,Montana,true
59314,Montana,true
59315,Montana,true
59316,Montana,true
59317,Montana,true
59318,Montana,true
59319,Montana,true
59322,Montana,true
59323,Montana,true
59324,Montana,true
59326,Montana,true
59327,Montana,true
59330,Montana,true
59332,Montana,true
59333,Montana,true
59336,Montana,true
59337,Montana,true
59338,Montana,true
59339,Montana,true
59341,Montana,true
59343,Montana,true
59344,Montana,true
59345,Montana,true
59347,Montana,true
59349,Montana,true
59351,Montana,true
59353,Montana,true
59354,Montana,true
59401,Montana,true
59402,Montana,true
59403,Montana,true
59404,Montana,true
59405,Montana,true
59406,Montana,true
59410,Montana,true
59411,Montana,true
59412,Montana,true
59414,Montana,true
59416,Montana,true
59417,Montana,true
59418,Montana,true
59419,Montana,true
59421,Montana,true
59422,Montana,true
59424,Montana,true
59425,Montana,true
59427,Montana,true
59430,Montana,true
59432,Montana,true
59433,Montana,true
59434,Montana,true
59435,Montana,true
59436,Montana,true
59440,Montana,true
59441,Montana,true
59442,Montana,true
59443,Montana,true
59444,Montana,true
59446,Montana,true
59448,Montana,true
59450,Montana,true
59451,Montana,true
59452,Montana,true
59453,Montana,true
59454,Montana,true
59456,Montana,true
59457,Montana,true
59460,Montana,true
59461,Montana,true
59462,Montana,true
59463,Montana,true
59464,Montana,true
59465,Montana,true
59466,Montana,true
59467,Montana,true
59468,Montana,true
59469,Montana,true
59471,Montana,true
59472,Montana,true
59474,Montana,true
59477,Montana,true
59479,Montana,true
59480,Montana,true
59482,Montana,true
59483,Montana,true
59484,Montana,true
59485,Montana,true
59486,Montana,true
59487,Montana,true
59489,Montana,true
59501,Montana,true
59520,Montana,true
59521,Montana,true
59522,Montana,true
59523,Montana,true
59524,Montana,true
59525,Montana,true
59526,Montana,true
59527,Montana,true
59528,Montana,true
59529,Montana,true
59530,Montana,true
59531,Montana,true
59532,Montana,true
59535,Montana,true
59537,Montana,true
59538,Montana,true
59540,Montana,true
59542,Montana,true
59544,Montana,true
59545,Montana,true
59546,Montana,true
59547,Montana,true
59601,Montana,true
59602,Montana,true
59604,Montana,true
59620,Montana,true
59623,Montana,true
59624,Montana,true
59625,Montana,true
59626,Montana,true
59631,Montana,true
59632,Montana,true
59633,Montana,true
59634,Montana,true
59635,Montana,true
59636,Montana,true
59638,Montana,true
59639,Montana,true
59640,Montana,true
59641,Montana,true
59642,Montana,true
59643,Montana,true
59644,Montana,true
59645,Montana,true
59647,Montana,true
59648,Montana,true
59701,Montana,true
59702,Montana,true
59703,Montana,true
59707,Montana,true
59710,Montana,true
59711,Montana,true
59714,Montana,true
59715,Montana,true
59716,Montana,true
59717,Montana,true
59718,Montana,true
59720,Montana,true
59721,Montana,true
59722,Montana,true
59724,Montana,true
59725,Montana,true
59727,Montana,true
59728,Montana,true
59729,Montana,true
59730,Montana,true
59731,Montana,true
59732,Montana,true
59733,Montana,true
59735,Montana,true
59736,Montana,true
59739,Montana,true
59740,Montana,true
59741,Montana,true
59743,Montana,true
59745,Montana,true
59746,Montana,true
59747,Montana,true
59748,Montana,true
59749,Montana,true
59750,Montana,true
59751,Montana,true
59752,Montana,true
59754,Montana,true
59755,Montana,true
59756,Montana,true
59758,Montana,true
59759,Montana,true
59760,Montana,true
59761,Montana,true
59762,Montana,true
59771,Montana,true
59772,Montana,true
59801,Montana,true
59802,Montana,true
59803,Montana,true
59804,Montana,true
59806,Montana,true
59807,Montana,true
59808,Montana,true
59812,Montana,true
59820,Montana,true
59821,Montana,true
59823,Montana,true
59824,Montana,true
59825,Montana,true
59826,Montana,true
59827,Montana,true
59828,Montana,true
59829,Montana,true
59830,Montana,true
59831,Montana,true
59832,Montana,true
59833,Montana,true
59834,Montana,true
59835,Montana,true
59837,Montana,true
59840,Montana,true
59841,Montana,true
59842,Montana,true
59843,Montana,true
59844,Montana,true
59845,Montana,true
59846,Montana,true
59847,Montana,true
59848,Montana,true
59851,Montana,true
59853,Montana,true
59854,Montana,true
59855,Montana,true
59856,Montana,true
59858,Montana,true
59859,Montana,true
59860,Montana,true
59863,Montana,true
59864,Montana,true
59865,Montana,true
59866,Montana,true
59867,Montana,true
59868,Montana,true
59870,Montana,true
59871,Montana,true
59872,Montana,true
59873,Montana,true
59874,Montana,true
59875,Montana,true
59901,Montana,true
59903,Montana,true
59904,Montana,true
59910,Montana,true
59911,Montana,true
59912,Montana,true
59913,Montana,true
59915,Montana,true
59916,Montana,true
59917,Montana,true
59918,Montana,true
59919,Montana,true
59920,Montana,true
59921,Montana,true
59922,Montana,true
59923,Montana,true
59925,Montana,true
59926,Montana,true
59927,Montana,true
59928,Montana,true
59929,Montana,true
59930,Montana,true
59931,Montana,true
59932,Montana,true
59933,Montana,true
59934,Montana,true
59935,Montana,true
59936,Montana,true
69023,Nebraska,true
69030,Nebraska,true
69131,Nebraska,true
69140,Nebraska,true
69144,Nebraska,true
69146,Nebraska,true
69150,Nebraska,true
69334,Nebraska,true
69346,Nebraska,true
69348,Nebraska,true
73459,Oklahoma,true
73459,Texas,true
73528,Oklahoma,true
73528,Texas,true
73660,Oklahoma,true
73660,Texas,true
73661,Oklahoma,true
73661,Texas,true
73946,Oklahoma,true
73946,Texas,true
73947,Oklahoma,true
73947,Texas,true
74009,Oklahoma,true
74009,Texas,true
74046,Oklahoma,true
74046,Texas,true
74727,Oklahoma,true
74727,Texas,true
74737,Oklahoma,true
74737,Texas,true
74752,Oklahoma,true
74752,Texas,true
76238,Texas,true
76271,Texas,true
76363,Texas,true
76371,Texas,true
76429,Texas,true
76824,Texas,true
76841,Texas,true
76858,Texas,true
76859,Texas,true
76930,Texas,true
76950,Texas,true
78591,Texas,true
78946,Texas,true
78949,Texas,true
79046,Texas,true
79056,Texas,true
79248,Texas,true
79502,Texas,true
79505,Texas,true
79830,Texas,true
79831,Texas,true
79832,Texas,true
79834,Texas,true
79842,Texas,true
79843,Texas,true
79845,Texas,true
79846,Texas,true
79848,Texas,true
79850,Texas,true
79852,Texas,true
80423,Colorado,true
80423,Texas,true
80426,Colorado,true
80426,Texas,true
80428,Colorado,true
80428,Texas,true
80463,Colorado,true
80463,Texas,true
80467,Colorado,true
80467,Texas,true
80469,Colorado,true
80469,Texas,true
80479,Colorado,true
80479,Texas,true
80483,Colorado,true
80483,Texas,true
80732,Colorado,true
80732,Texas,true
80862,Colorado,true
80862,Texas,true
81021,Colorado,true
81021,Texas,true
81027,Colorado,true
81027,Texas,true
81029,Colorado,true
81029,Texas,true
81041,Colorado,true
81041,Texas,true
81043,Colorado,true
81043,Texas,true
81046,Colorado,true
81046,Texas,true
81047,Colorado,true
81047,Texas,true
81049,Colorado,true
81049,Texas,true
81064,Colorado,true
81064,Texas,true
81084,Colorado,true
81084,Texas,true
81087,Colorado,true
81087,Texas,true
81090,Colorado,true
81090,Texas,true
81091,Colorado,true
81091,Texas,true
81120,Colorado,true
81120,Texas,true
81124,Colorado,true
81124,Texas,true
81130,Colorado,true
81130,Texas,true
81131,Colorado,true
81131,Texas,true
81132,Colorado,true
81132,Texas,true
81135,Colorado,true
81135,Texas,true
81138,Colorado,true
81138,Texas,true
81140,Colorado,true
81140,Texas,true
81141,Colorado,true
81141,Texas,true
81148,Colorado,true
81148,Texas,true
81151,Colorado,true
81151,Texas,true
81154,Colorado,true
81154,Texas,true
81228,Colorado,true
81228,Texas,true
81235,Colorado,true
81235,Texas,true
81237,Colorado,true
81237,Texas,true
81239,Colorado,true
81239,Texas,true
81248,Colorado,true
81248,Texas,true
81426,Colorado,true
81426,Texas,true
81431,Colorado,true
81431,Texas,true
81433,Colorado,true
81433,Texas,true
81522,Colorado,true
81522,Texas,true
81623,Colorado,true
81623,Texas,true
81624,Colorado,true
81624,Texas,true
81640,Colorado,true
81640,Texas,true
81643,Colorado,true
81643,Texas,true
81645,Colorado,true
81645,Texas,true
81646,Colorado,true
81646,Texas,true
81649,Colorado,true
81649,Texas,true
81653,Colorado,true
81653,Texas,true
81654,Colorado,true
81654,Texas,true
81655,Colorado,true
81655,Texas,true
82010,Texas,true
82010,Wyoming,true
82050,Texas,true
82050,Wyoming,true
82051,Texas,true
82051,Wyoming,true
82058,Texas,true
82058,Wyoming,true
82061,Texas,true
82061,Wyoming,true
82063,Texas,true
82063,Wyoming,true
82190,Texas,true
82190,Wyoming,true
82219,Texas,true
82219,Wyoming,true
82224,Texas,true
82224,Wyoming,true
82227,Texas,true
82227,Wyoming,true
82242,Texas,true
82242,Wyoming,true
82243,Texas,true
82243,Wyoming,true
82324,Texas,true
82324,Wyoming,true
82327,Texas,true
82327,Wyoming,true
82329,Texas,true
82329,Wyoming,true
82335,Texas,true
82335,Wyoming,true
82336,Texas,true
82336,Wyoming,true
82411,Texas,true
82411,Wyoming,true
82412,Texas,true
82412,Wyoming,true
82414,Texas,true
82414,Wyoming,true
82422,Texas,true
82422,Wyoming,true
82423,Texas,true
82423,Wyoming,true
82428,Texas,true
82428,Wyoming,true
82430,Texas,true
82430,Wyoming,true
82431,Texas,true
82431,Wyoming,true
82433,Texas,true
82433,Wyoming,true
82434,Texas,true
82434,Wyoming,true
82440,Texas,true
82440,Wyoming,true
82441,Texas,true
82441,Wyoming,true
82442,Texas,true
82442,Wyoming,true
82450,Texas,true
82450,Wyoming,true
82513,Texas,true
82513,Wyoming,true
82523,Texas,true
82523,Wyoming,true
82639,Texas,true
82639,Wyoming,true
82710,Texas,true
82710,Wyoming,true
82711,Texas,true
82711,Wyoming,true
82714,Texas,true
82714,Wyoming,true
82715,Texas,true
82715,Wyoming,true
82720,Texas,true
82720,Wyoming,true
82725,Texas,true
82725,Wyoming,true
82727,Texas,true
82727,Wyoming,true
82731,Texas,true
82731,Wyoming,true
82831,Texas,true
82831,Wyoming,true
82832,Texas,true
82832,Wyoming,true
82833,Texas,true
82833,Wyoming,true
82835,Texas,true
82835,Wyoming,true
82836,Texas,true
82836,Wyoming,true
82837,Texas,true
82837,Wyoming,true
82839,Texas,true
82839,Wyoming,true
82842,Texas,true
82842,Wyoming,true
82844,Texas,true
82844,Wyoming,true
82845,Texas,true
82845,Wyoming,true
82901,Texas,true
82901,Wyoming,true
82902,Texas,true
82902,Wyoming,true
82922,Texas,true
82922,Wyoming,true
82923,Texas,true
82923,Wyoming,true
82929,Texas,true
82929,Wyoming,true
82930,Texas,true
82930,Wyoming,true
82932,Texas,true
82932,Wyoming,true
82933,Texas,true
82933,Wyoming,true
82934,Texas,true
82934,Wyoming,true
82935,Texas,true
82935,Wyoming,true
82936,Texas,true
82936,Wyoming,true
82937,Texas,true
82937,Wyoming,true
82939,Texas,true
82939,Wyoming,true
82942,Texas,true
82942,Wyoming,true
82943,Texas,true
82943,Wyoming,true
82944,Texas,true
82944,Wyoming,true
82945,Texas,true
82945,Wyoming,true
83001,Texas,true
83001,Wyoming,true
83002,Texas,true
83002,Wyoming,true
83011,Texas,true
83011,Wyoming,true
83012,Texas,true
83012,Wyoming,true
83013,Texas,true
83013,Wyoming,true
83014,Texas,true
83014,Wyoming,true
83025,Texas,true
83025,Wyoming,true
83101,Texas,true
83101,Wyoming,true
83110,Texas,true
83110,Wyoming,true
83111,Texas,true
83111,Wyoming,true
83112,Texas,true
83112,Wyoming,true
83113,Texas,true
83113,Wyoming,true
83114,Texas,true
83114,Wyoming,true
83115,Texas,true
83115,Wyoming,true
83116,Texas,true
83116,Wyoming,true
83118,Texas,true
83118,Wyoming,true
83119,Texas,true
83119,Wyoming,true
83120,Texas,true
83120,Wyoming,true
83123,Texas,true
83123,Wyoming,true
83124,Texas,true
83124,Wyoming,true
83126,Texas,true
83126,Wyoming,true
83127,Texas,true
83127,Wyoming,true
83128,Texas,true
83201,Texas,true
83202,Idaho,true
83202,Texas,true
83203,Idaho,true
83203,Texas,true
83204,Idaho,true
83204,Texas,true
83205,Idaho,true
83205,Texas,true
83206,Idaho,true
83206,Texas,true
83209,Idaho,true
83209,Texas,true
83210,Idaho,true
83210,Texas,true
83211,Idaho,true
83211,Texas,true
83212,Idaho,true
83212,Texas,true
83213,Idaho,true
83213,Texas,true
83214,Idaho,true
83214,Texas,true
83215,Idaho,true
83215,Texas,true
83217,Idaho,true
83217,Texas,true
83218,Idaho,true
83218,Texas,true
83220,Idaho,true
83220,Texas,true
83221,Idaho,true
83221,Texas,true
83223,Idaho,true
83223,Texas,true
83226,Idaho,true
83226,Texas,true
83227,Idaho,true
83227,Texas,true
83228,Idaho,true
83228,Texas,true
83229,Idaho,true
83229,Texas,true
83230,Idaho,true
83230,Texas,true
83232,Idaho,true
83232,Texas,true
83233,Idaho,true
83233,Texas,true
83234,Idaho,true
83234,Texas,true
83235,Idaho,true
83235,Texas,true
83236,Idaho,true
83236,Texas,true
83237,Idaho,true
83237,Texas,true
83238,Idaho,true
83238,Texas,true
83241,Idaho,true
83241,Texas,true
83243,Idaho,true
83243,Texas,true
83244,Idaho,true
83244,Texas,true
83245,Idaho,true
83245,Texas,true
83246,Idaho,true
83246,Texas,true
83250,Idaho,true
83250,Texas,true
83251,Idaho,true
83251,Texas,true
83252,Idaho,true
83252,Texas,true
83253,Idaho,true
83253,Texas,true
83254,Idaho,true
83254,Texas,true
83255,Idaho,true
83255,Texas,true
83256,Idaho,true
83256,Texas,true
83261,Idaho,true
83261,Texas,true
83262,Idaho,true
83262,Texas,true
83263,Idaho,true
83263,Texas,true
83271,Idaho,true
83271,Texas,true
83272,Idaho,true
83272,Texas,true
83274,Idaho,true
83274,Texas,true
83276,Idaho,true
83276,Texas,true
83277,Idaho,true
83277,Texas,true
83278,Idaho,true
83278,Texas,true
83281,Idaho,true
83281,Texas,true
83283,Idaho,true
83283,Texas,true
83285,Idaho,true
83285,Texas,true
83286,Idaho,true
83286,Texas,true
83287,Idaho,true
83287,Texas,true
83301,Idaho,true
83301,Texas,true
83302,Idaho,true
83302,Texas,true
83303,Idaho,true
83303,Texas,true
83311,Idaho,true
83311,Texas,true
83312,Idaho,true
83312,Texas,true
83313,Idaho,true
83313,Texas,true
83314,Idaho,true
83314,Texas,true
83316,Idaho,true
83316,Texas,true
83318,Idaho,true
83318,Texas,true
83320,Idaho,true
83320,Texas,true
83321,Idaho,true
83321,Texas,true
83322,Idaho,true
83322,Texas,true
83323,Idaho,true
83323,Texas,true
83324,Idaho,true
83324,Texas,true
83325,Idaho,true
83325,Texas,true
83326,Idaho,true
83326,Texas,true
83327,Idaho,true
83327,Texas,true
83328,Idaho,true
83328,Texas,true
83330,Idaho,true
83330,Texas,true
83332,Idaho,true
83332,Texas,true
83333,Idaho,true
83333,Texas,true
83334,Idaho,true
83334,Texas,true
83335,Idaho,true
83335,Texas,true
83336,Idaho,true
83336,Texas,true
83337,Idaho,true
83337,Texas,true
83338,Idaho,true
83338,Texas,true
83340,Idaho,true
83340,Texas,true
83341,Idaho,true
83341,Texas,true
83342,Idaho,true
83342,Texas,true
83343,Idaho,true
83343,Texas,true
83344,Idaho,true
83344,Texas,true
83346,Idaho,true
83346,Texas,true
83347,Idaho,true
83347,Texas,true
83348,Idaho,true
83348,Texas,true
83349,Idaho,true
83349,Texas,true
83350,Idaho,true
83350,Texas,true
83352,Idaho,true
83352,Texas,true
83353,Idaho,true
83353,Texas,true
83354,Idaho,true
83354,Texas,true
83355,Idaho,true
83355,Texas,true
83401,Idaho,true
83401,Texas,true
83402,Idaho,true
83402,Texas,true
83403,Idaho,true
83403,Texas,true
83404,Idaho,true
83404,Texas,true
83405,Idaho,true
83405,Texas,true
83406,Idaho,true
83406,Texas,true
83414,Idaho,true
83414,Texas,true
83415,Idaho,true
83415,Texas,true
83420,Idaho,true
83420,Texas,true
83421,Idaho,true
83421,Texas,true
83422,Idaho,true
83422,Texas,true
83423,Idaho,true
83423,Texas,true
83424,Idaho,true
83424,Texas,true
83425,Idaho,true
83425,Texas,true
83427,Idaho,true
83427,Texas,true
83428,Idaho,true
83428,Texas,true
83429,Idaho,true
83429,Texas,true
83431,Idaho,true
83431,Texas,true
83433,Idaho,true
83433,Texas,true
83434,Idaho,true
83434,Texas,true
83435,Idaho,true
83435,Texas,true
83436,Idaho,true
83436,Texas,true
83438,Idaho,true
83438,Texas,true
83440,Idaho,true
83440,Texas,true
83441,Idaho,true
83441,Texas,true
83442,Idaho,true
83442,Texas,true
83443,Idaho,true
83443,Texas,true
83444,Idaho,true
83444,Texas,true
83445,Idaho,true
83445,Texas,true
83446,Idaho,true
83446,Texas,true
83448,Idaho,true
83448,Texas,true
83449,Idaho,true
83449,Texas,true
83450,Idaho,true
83450,Texas,true
83451,Idaho,true
83451,Texas,true
83452,Idaho,true
83452,Texas,true
83454,Idaho,true
83454,Texas,true
83455,Idaho,true
83455,Texas,true
83460,Idaho,true
83460,Texas,true
83462,Idaho,true
83462,Texas,true
83463,Idaho,true
83463,Texas,true
83464,Idaho,true
83464,Texas,true
83465,Idaho,true
83465,Texas,true
83466,Idaho,true
83466,Texas,true
83467,Idaho,true
83467,Texas,true
83468,Idaho,true
83468,Texas,true
83469,Idaho,true
83469,Texas,true
83546,Idaho,true
83546,Texas,true
83547,Idaho,true
83547,Texas,true
83549,Idaho,true
83549,Texas,true
83601,Idaho,true
83601,Texas,true
83602,Idaho,true
83602,Texas,true
83604,Idaho,true
83604,Texas,true
83605,Idaho,true
83605,Texas,true
83606,Idaho,true
83606,Texas,true
83607,Idaho,true
83607,Texas,true
83610,Idaho,true
83610,Texas,true
83611,Idaho,true
83611,Texas,true
83612,Idaho,true
83612,Texas,true
83615,Idaho,true
83615,Texas,true
83616,Idaho,true
83616,Texas,true
83617,Idaho,true
83617,Texas,true
83619,Idaho,true
83619,Texas,true
83622,Idaho,true
83622,Texas,true
83623,Idaho,true
83623,Texas,true
83624,Idaho,true
83624,Texas,true
83626,Idaho,true
83626,Texas,true
83627,Idaho,true
83627,Texas,true
83628,Idaho,true
83628,Texas,true
83629,Idaho,true
83629,Texas,true
83630,Idaho,true
83630,Texas,true
83631,Idaho,true
83631,Texas,true
83632,Idaho,true
83632,Texas,true
83633,Idaho,true
83633,Texas,true
83634,Idaho,true
83634,Texas,true
83635,Idaho,true
83635,Texas,true
83636,Idaho,true
83636,Texas,true
83637,Idaho,true
83637,Texas,true
83638,Idaho,true
83638,Texas,true
83639,Idaho,true
83639,Texas,true
83641,Idaho,true
83641,Texas,true
83642,Idaho,true
83642,Texas,true
83643,Idaho,true
83643,Texas,true
83644,Idaho,true
83644,Texas,true
83645,Idaho,true
83645,Texas,true
83646,Idaho,true
83646,Texas,true
83647,Idaho,true
83647,Texas,true
83648,Idaho,true
83648,Texas,true
83650,Idaho,true
83650,Texas,true
83651,Idaho,true
83651,Texas,true
83652,Idaho,true
83652,Texas,true
83653,Idaho,true
83653,Texas,true
83654,Idaho,true
83654,Texas,true
83655,Idaho,true
83655,Texas,true
83656,Idaho,true
83656,Texas,true
83657,Idaho,true
83657,Texas,true
83660,Idaho,true
83660,Texas,true
83661,Idaho,true
83661,Texas,true
83666,Idaho,true
83666,Texas,true
83669,Idaho,true
83669,Texas,true
83670,Idaho,true
83670,Texas,true
83672,Idaho,true
83672,Texas,true
83676,Idaho,true
83676,Texas,true
83677,Idaho,true
83677,Texas,true
83680,Idaho,true
83680,Texas,true
83686,Idaho,true
83686,Texas,true
83687,Idaho,true
83687,Texas,true
83701,Idaho,true
83701,Texas,true
83702,Idaho,true
83702,Texas,true
83703,Idaho,true
83703,Texas,true
83704,Idaho,true
83704,Texas,true
83705,Idaho,true
83705,Texas,true
83706,Idaho,true
83706,Texas,true
83707,Idaho,true
83707,Texas,true
83708,Idaho,true
83708,Texas,true
83709,Idaho,true
83709,Texas,true
83711,Idaho,true
83711,Texas,true
83712,Idaho,true
83712,Texas,true
83713,Idaho,true
83713,Texas,true
83714,Idaho,true
83714,Texas,true
83715,Idaho,true
83715,Texas,true
83716,Idaho,true
83716,Texas,true
83717,Idaho,true
83717,Texas,true
83720,Idaho,true
83720,Texas,true
83721,Idaho,true
83721,Texas,true
83722,Idaho,true
83722,Texas,true
83724,Idaho,true
83724,Texas,true
83725,Idaho,true
83725,Texas,true
83726,Idaho,true
83726,Texas,true
83728,Idaho,true
83728,Texas,true
83729,Idaho,true
83729,Texas,true
83731,Idaho,true
83731,Texas,true
83732,Idaho,true
83732,Texas,true
83733,Idaho,true
83733,Texas,true
83735,Idaho,true
83735,Texas,true
83756,Idaho,true
83756,Texas,true
83799,Idaho,true
83799,Texas,true
83866,Idaho,true
83866,Texas,true
84001,Texas,true
84002,Texas,true
84002,Utah,true
84007,Texas,true
84007,Utah,true
84008,Texas,true
84008,Utah,true
84013,Texas,true
84013,Utah,true
84021,Texas,true
84021,Utah,true
84022,Texas,true
84022,Utah,true
84023,Texas,true
84023,Utah,true
84026,Texas,true
84026,Utah,true
84027,Texas,true
84027,Utah,true
84028,Texas,true
84028,Utah,true
84031,Texas,true
84031,Utah,true
84032,Texas,true
84032,Utah,true
84034,Texas,true
84034,Utah,true
84035,Texas,true
84035,Utah,true
84038,Texas,true
84038,Utah,true
84039,Texas,true
84039,Utah,true
84046,Texas,true
84046,Utah,true
84051,Texas,true
84051,Utah,true
84052,Texas,true
84052,Utah,true
84053,Texas,true
84053,Utah,true
84061,Texas,true
84061,Utah,true
84063,Texas,true
84063,Utah,true
84064,Texas,true
84064,Utah,true
84066,Texas,true
84066,Utah,true
84069,Texas,true
84069,Utah,true
84071,Texas,true
84071,Utah,true
84072,Texas,true
84072,Utah,true
84073,Texas,true
84073,Utah,true
84076,Texas,true
84076,Utah,true
84078,Texas,true
84078,Utah,true
84079,Texas,true
84079,Utah,true
84080,Texas,true
84080,Utah,true
84083,Texas,true
84083,Utah,true
84085,Texas,true
84085,Utah,true
84086,Texas,true
84086,Utah,true
84301,Texas,true
84301,Utah,true
84304,Texas,true
84304,Utah,true
84305,Texas,true
84305,Utah,true
84306,Texas,true
84306,Utah,true
84307,Texas,true
84307,Utah,true
84308,Texas,true
84308,Utah,true
84309,Texas,true
84309,Utah,true
84311,Texas,true
84311,Utah,true
84312,Texas,true
84312,Utah,true
84313,Texas,true
84313,Utah,true
84314,Texas,true
84314,Utah,true
84316,Texas,true
84316,Utah,true
84318,Texas,true
84318,Utah,true
84320,Texas,true
84320,Utah,true
84327,Texas,true
84327,Utah,true
84329,Texas,true
84329,Utah,true
84330,Texas,true
84330,Utah,true
84331,Texas,true
84331,Utah,true
84332,Texas,true
84332,Utah,true
84333,Texas,true
84333,Utah,true
84335,Texas,true
84335,Utah,true
84336,Texas,true
84336,Utah,true
84337,Texas,true
84337,Utah,true
84338,Texas,true
84338,Utah,true
84339,Texas,true
84339,Utah,true
84501,Texas,true
84501,Utah,true
84510,Texas,true
84510,Utah,true
84511,Texas,true
84511,Utah,true
84512,Texas,true
84512,Utah,true
84513,Texas,true
84513,Utah,true
84515,Texas,true
84515,Utah,true
84516,Texas,true
84516,Utah,true
84518,Texas,true
84518,Utah,true
84520,Texas,true
84520,Utah,true
84521,Texas,true
84521,Utah,true
84522,Texas,true
84522,Utah,true
84523,Texas,true
84523,Utah,true
84525,Texas,true
84525,Utah,true
84526,Texas,true
84526,Utah,true
84528,Texas,true
84528,Utah,true
84529,Texas,true
84529,Utah,true
84530,Texas,true
84530,Utah,true
84531,Texas,true
84531,Utah,true
84532,Texas,true
84532,Utah,true
84533,Texas,true
84533,Utah,true
84534,Texas,true
84534,Utah,true
84535,Texas,true
84535,Utah,true
84536,Texas,true
84536,Utah,true
84537,Texas,true
84537,Utah,true
84539,Texas,true
84539,Utah,true
84540,Texas,true
84540,Utah,true
84542,Texas,true
84542,Utah,true
84620,Texas,true
84620,Utah,true
84621,Texas,true
84621,Utah,true
84622,Texas,true
84622,Utah,true
84623,Texas,true
84623,Utah,true
84624,Texas,true
84624,Utah,true
84626,Texas,true
84626,Utah,true
84627,Texas,true
84627,Utah,true
84628,Texas,true
84628,Utah,true
84629,Texas,true
84629,Utah,true
84630,Texas,true
84630,Utah,true
84631,Texas,true
84631,Utah,true
84632,Texas,true
84632,Utah,true
84633,Texas,true
84633,Utah,true
84634,Texas,true
84634,Utah,true
84635,Texas,true
84635,Utah,true
84636,Texas,true
84636,Utah,true
84637,Texas,true
84637,Utah,true
84638,Texas,true
84638,Utah,true
84639,Texas,true
84639,Utah,true
84640,Texas,true
84640,Utah,true
84642,Texas,true
84642,Utah,true
84643,Texas,true
84643,Utah,true
84644,Texas,true
84644,Utah,true
84645,Texas,true
84645,Utah,true
84646,Texas,true
84646,Utah,true
84647,Texas,true
84647,Utah,true
84648,Texas,true
84648,Utah,true
84649,Texas,true
84649,Utah,true
84652,Texas,true
84652,Utah,true
84654,Texas,true
84654,Utah,true
84656,Texas,true
84656,Utah,true
84657,Texas,true
84657,Utah,true
84662,Texas,true
84662,Utah,true
84665,Texas,true
84665,Utah,true
84667,Texas,true
84667,Utah,true
84701,Texas,true
84701,Utah,true
84710,Texas,true
84710,Utah,true
84711,Texas,true
84711,Utah,true
84712,Texas,true
84712,Utah,true
84713,Texas,true
84713,Utah,true
84716,Texas,true
84716,Utah,true
84724,Texas,true
84724,Utah,true
84728,Texas,true
84728,Utah,true
84729,Texas,true
84729,Utah,true
84737,Texas,true
84737,Utah,true
84741,Texas,true
84741,Utah,true
84753,Texas,true
84753,Utah,true
84755,Texas,true
84755,Utah,true
84758,Texas,true
84758,Utah,true
84773,Texas,true
84773,Utah,true
85328,Arizona,true
85328,Texas,true
85362,Arizona,true
85362,Texas,true
85541,Arizona,true
85541,Texas,true
85553,Arizona,true
85553,Texas,true
85554,Arizona,true
85554,Texas,true
85619,Arizona,true
85619,Texas,true
85633,Arizona,true
85633,Texas,true
85634,Arizona,true
85634,Texas,true
85639,Arizona,true
85639,Texas,true
85920,Arizona,true
85920,Texas,true
85922,Arizona,true
85922,Texas,true
85932,Arizona,true
85932,Texas,true
85936,Arizona,true
85936,Texas,true
85942,Arizona,true
85942,Texas,true
86016,Arizona,true
86016,Texas,true
86020,Arizona,true
86020,Texas,true
86022,Arizona,true
86022,Texas,true
86023,Arizona,true
86023,Texas,true
86030,Arizona,true
86030,Texas,true
86031,Arizona,true
86031,Texas,true
86033,Arizona,true
86033,Texas,true
86034,Arizona,true
86034,Texas,true
86036,Arizona,true
86036,Texas,true
86039,Arizona,true
86039,Texas,true
86042,Arizona,true
86042,Texas,true
86043,Arizona,true
86043,Texas,true
86044,Arizona,true
86044,Texas,true
86052,Arizona,true
86052,Texas,true
86053,Arizona,true
86053,Texas,true
86054,Arizona,true
86054,Texas,true
86331,Arizona,true
86331,Texas,true
86332,Arizona,true
86332,Texas,true
86342,Arizona,true
86342,Texas,true
86343,Arizona,true
86343,Texas,true
86411,Arizona,true
86411,Texas,true
86431,Arizona,true
86431,Texas,true
86434,Arizona,true
86434,Texas,true
86437,Arizona,true
86437,Texas,true
86441,Arizona,true
86441,Texas,true
86443,Arizona,true
86443,Texas,true
86444,Arizona,true
86444,Texas,true
86502,Arizona,true
86502,Texas,true
86503,Arizona,true
86503,Texas,true
86504,Arizona,true
86504,Texas,true
86506,Arizona,true
86506,Texas,true
86507,Arizona,true
86507,Texas,true
86511,Arizona,true
86511,Texas,true
86512,Arizona,true
86512,Texas,true
86514,Arizona,true
86514,Texas,true
86515,Arizona,true
86515,Texas,true
86520,Arizona,true
86520,Texas,true
86535,Arizona,true
86535,Texas,true
86538,Arizona,true
86538,Texas,true
86544,Arizona,true
86544,Texas,true
86545,Arizona,true
86545,Texas,true
86547,Arizona,true
86547,Texas,true
88020,New Mexico,true
88020,Texas,true
88040,New Mexico,true
88040,Texas,true
88301,New Mexico,true
88301,Texas,true
89001,Nevada,true
89003,Nevada,true
89008,Nevada,true
89010,Nevada,true
89013,Nevada,true
89017,Nevada,true
89018,Nevada,true
89020,Nevada,true
89022,Nevada,true
89023,Nevada,true
89025,Nevada,true
89040,Nevada,true
89042,Nevada,true
89043,Nevada,true
89047,Nevada,true
89049,Nevada,true
89070,Nevada,true
89301,Nevada,true
89311,Nevada,true
89314,Nevada,true
89315,Nevada,true
89316,Nevada,true
89317,Nevada,true
89318,Nevada,true
89319,Nevada,true
89427,Nevada,true
89801,Nevada,true
89802,Nevada,true
89803,Nevada,true
89815,Nevada,true
89821,Nevada,true
89822,Nevada,true
89823,Nevada,true
89824,Nevada,true
89825,Nevada,true
89826,Nevada,true
89828,Nevada,true
89830,Nevada,true
89831,Nevada,true
89832,Nevada,true
89833,Nevada,true
89834,Nevada,true
89835,Nevada,true
90704,California,true
91948,California,true
91963,California,true
92004,California,true
92028,California,true
92036,California,true
92060,California,true
92066,California,true
92068,California,true
92088,California,true
92257,California,true
92281,California,true
92283,California,true
92328,California,true
92332,California,true
92363,California,true
92366,California,true
93453,California,true
93920,California,true
93924,California,true
93954,California,true
94020,California,true
94037,California,true
94920,California,true
95005,California,true
95006,California,true
95017,California,true
95018,California,true
95043,California,true
95075,California,true
95223,California,true
95631,California,true
95633,California,true
95634,California,true
95636,California,true
95637,California,true
95645,California,true
95651,California,true
95656,California,true
95664,California,true
95666,California,true
95675,California,true
95676,California,true
95679,California,true
95684,California,true
95701,California,true
95713,California,true
95715,California,true
95717,California,true
95720,California,true
95722,California,true
95726,California,true
95735,California,true
95910,California,true
95912,California,true
95914,California,true
95918,California,true
95919,California,true
95922,California,true
95925,California,true
95930,California,true
95935,California,true
95936,California,true
95944,California,true
95945,California,true
95946,California,true
95949,California,true
95950,California,true
95959,California,true
95960,California,true
95962,California,true
95970,California,true
95972,California,true
95975,California,true
95977,California,true
95979,California,true
95981,California,true
95982,California,true
95986,California,true
96014,California,true
96017,California,true
96023,California,true
96024,California,true
96025,California,true
96027,California,true
96029,California,true
96031,California,true
96033,California,true
96037,California,true
96039,California,true
96041,California,true
96046,California,true
96047,California,true
96048,California,true
96050,California,true
96052,California,true
96057,California,true
96058,California,true
96059,California,true
96061,California,true
96062,California,true
96063,California,true
96065,California,true
96069,California,true
96070,California,true
96071,California,true
96074,California,true
96075,California,true
96076,California,true
96084,California,true
96085,California,true
96086,California,true
96088,California,true
96089,California,true
96091,California,true
96093,California,true
96095,California,true
96096,California,true
96105,California,true
96125,California,true
96134,California,true
97406,Oregon,true
97411,Oregon,true
97416,Oregon,true
97425,Oregon,true
97458,Oregon,true
97466,Oregon,true
97476,Oregon,true
97604,Oregon,true
97620,Oregon,true
97630,Oregon,true
97635,Oregon,true
97636,Oregon,true
97638,Oregon,true
97640,Oregon,true
97641,Oregon,true
97711,Oregon,true
97721,Oregon,true
97731,Oregon,true
97732,Oregon,true
97733,Oregon,true
97735,Oregon,true
97736,Oregon,true
97740,Oregon,true
97750,Oregon,true
97817,Oregon,true
97819,Oregon,true
97827,Oregon,true
97830,Oregon,true
97831,Oregon,true
97834,Oregon,true
97837,Oregon,true
97840,Oregon,true
97842,Oregon,true
97846,Oregon,true
97848,Oregon,true
97856,Oregon,true
97864,Oregon,true
97870,Oregon,true
97872,Oregon,true
97874,Oregon,true
97877,Oregon,true
97884,Oregon,true
97901,Oregon,true
97902,Oregon,true
97903,Oregon,true
97904,Oregon,true
97906,Oregon,true
97907,Oregon,true
97908,Oregon,true
97909,Oregon,true
97910,Oregon,true
97911,Oregon,true
97913,Oregon,true
97914,Oregon,true
97917,Oregon,true
97918,Oregon,true
98022,Washington,true
98045,Washington,true
98068,Washington,true
98070,Washington,true
98220,Washington,true
98221,Washington,true
98223,Washington,true
98224,Washington,true
98237,Washington,true
98241,Washington,true
98243,Washington,true
98244,Washington,true
98245,Washington,true
98250,Washington,true
98252,Washington,true
98255,Washington,true
98256,Washington,true
98261,Washington,true
98262,Washington,true
98263,Washington,true
98266,Washington,true
98267,Washington,true
98279,Washington,true
98280,Washington,true
98283,Washington,true
98284,Washington,true
98286,Washington,true
98288,Washington,true
98297,Washington,true
98303,Washington,true
98304,Washington,true
98336,Washington,true
98361,Washington,true
98524,Washington,true
98526,Washington,true
98527,Washington,true
98535,Washington,true
98536,Washington,true
98538,Washington,true
98539,Washington,true
98546,Washington,true
98547,Washington,true
98548,Washington,true
98552,Washington,true
98554,Washington,true
98555,Washington,true
98560,Washington,true
98561,Washington,true
98562,Washington,true
98566,Washington,true
98571,Washington,true
98572,Washington,true
98575,Washington,true
98587,Washington,true
98616,Washington,true
98859,Washington,true
99105,Washington,true
99121,Washington,true
99126,Washington,true
99137,Washington,true
99138,Washington,true
99140,Washington,true
99146,Washington,true
99160,Washington,true
99356,Washington,true
99401,Washington,true
23456,US1,true
1213,Virginia test,true
,CA1,true
123456,Virginia test,true
"",US1,true
2324,US1,true
